Consommable,Marque,Référence,Code CAS,Catégorie,Code NACRES,Masse unitaire (g),Matériau consommable,Masse unitaire deuxieme materiaux (g),Matériau deuxieme materiaux,Masse unitaire troisième materiaux (g),Matériau troisième materiaux,Masse emballage unitaire (g),Matériau emballage,Masse condionnement (g),Matériau conditionnement,Nbr par conditionnement,Prix du conditionnement,Unité liquide,Volume flacon (mL),Facteur liquide source,date d'ajout,Source,Signature,Source catalogue IJM,Lien / Note / Remarque,condt_ijm,designation_ijm,code_ijm,marque_ijm,score_match
Tube centrifugeuse 15 mL,Falcon,352096,,Consommable,NB11,6.7,Polypropylène (PP),,Polypropylène (PP),,,,,,,,,,,,,,Souchaud,,,,,,,
Tube centrifugeuse 50 mL,BIOLOGIX,10*9502,,Consommable,NB11,14.35,Polypropylène (PP),,Polypropylène (PP),,,,,,,,,,,,,,Souchaud,,,,,,,
Seringue 5 mL,Terumo,1SS05LE1,,Consommable,NB03,1.9,Polypropylène (PP),,Polypropylène (PP),,,,,,,,,,,,,,Souchaud,,,,,,,
Boite de Pétri 35 x 10 mm,Falcon,351008,,Consommable,NB13,4.6,Polypropylène (PP),,Polypropylène (PP),,,,,,,,,,,,,,Souchaud,,,,,,,
Serological pipette 5 mL individually wrapped,Starlab,E4860-0005,,Consommable,NB04,7.9,Verre,,Verre,,,,,,,,,,,,,,Souchaud,,,,,,,
"T-25 Tissue Culture Flask, green plug seal cap",CytoOne,CC7682-4825,,Consommable,NB13,20.9,Polystyrène (PS),,Polystyrène (PS),,,,,,,,,,,,,,Souchaud,,,,,,,
"T-75 Tissue Culture Flask, green plug seal cap",CytoOne,CC7682-4175,,Consommable,NB13,60.62,Polystyrène (PS),,Polystyrène (PS),,,,,,,,,,,,,,Souchaud,,,,,,,
"T-225 Tissue Culture Flask, green plug seal cap",CytoOne,CC7682-4225,,Consommable,NB13,149.5,Polystyrène (PS),,Polystyrène (PS),,,,,,,,,,,,,,Souchaud,,,,,,,
"200 µl Pointe TipOne®, Naturel",Starlab,S1111-0810-C,,Consommable,NB02,0.28,Polypropylène (PP),,Polypropylène (PP),,,,,,,,,,,,,https://www.starlabgroup.com/FR-fr/product/200-ul-pointe-tipone-naturel-pf-sl-920673.html,Souchaud,,https://www.starlabgroup.com/FR-fr/product/200-ul-pointe-tipone-naturel-pf-sl-920673.html,,,,,
"1 000 µl Pointe graduée TipOne®, Bleu",Starlab,S1111-6811-C,,Consommable,NB02,0.547,Polypropylène (PP),,Polypropylène (PP),,,,,,,,,,,,,https://www.starlabgroup.com/FR-fr/product/1-nbsp-000-ul-pointe-graduee-tipone-bleu-pf-sl-921051.html,Souchaud,,https://www.starlabgroup.com/FR-fr/product/1-nbsp-000-ul-pointe-graduee-tipone-bleu-pf-sl-921051.html,,,,,
"1 000 µl Pointe non graduée TipOne® Filtre, Naturel (stérile)",Starlab,S1126-7710-C,,Consommable,NB11,0.83,Polypropylène (PP),,Polypropylène (PP),,,,,,,,,,,,,,Souchaud,,,,,,,
1.5 mL FlipTube Standard,Hamilton,235454,,Consommable,HA01,12.0,Latex,,Latex,,,,,,,,,,,,,,Souchaud,,,,,,,
Paire de gant latex powder free M (7-8),,,,Consommable,HA01,13.7,Nitrile,,Nitrile,,,,,,,,,,,,,,Souchaud,,,,,,,
Paire de gants (taille M) ambidextres Kimtech Purple Nitrile,Kimberly-Clark,90627,,Consommable,HA01,16.85,Nitrile,,Nitrile,,,,,,,,,,,,,,Souchaud,,,,,,,
Paire de gants (taille L) ambidextres Kimtech Purple Nitrile,Kimberly-Clark,90628,,Consommable,NB13,12.888,Polypropylène (PP),,Polypropylène (PP),,,0.0,,15.682,,25.0,,,,,,,Knörr / Lespay Aguilera,,,,,,,
Falcon® Tube with conical bottom 50 ml (bulk),Falcon®,352070,,Consommable,NB13,8.15,Polystyrène (PS),,Polystyrène (PS),,,0.0,,5.189,,14.0,,,,,,,Knörr / Lespay Aguilera,,,,,,,
TPP Tissue Culture Dish 60,TPP,93060,,Consommable,NB03,2.151,Polypropylène (PP),,,,,0.575,,88.61,Carton,100.0,,,,,,,Knörr / Lespay Aguilera,,Barillet et piston: Polypropylène / Joint: Élastomère thermoplastique / Lubrifiant: Huile de silicone,,,,,
1ml Terumo Leur Slip Syringes,TERUMO,BS-01T,,Consommable,NB03,,,,,,,,,,,,,,,,,,,,,,,,,
"Polypropylene Centrifuge tube, Sterile 50 ml - CentriStar Cap - 25 bulk",Corning® ,430829,,Consommable,NB13,12.2,Polyéthylène téréphtalate (PET),,Polyéthylène téréphtalate (PET),,,0.0,,15.282,,25.0,,,,,,,Knörr / Lespay Aguilera,,,,,,,
Pipette for cell culture 2 ml Falcon®,Falcon®,357507,,Consommable,NB04,5.275,Polystyrène (PS),,Polystyrène (PS),,,0.482,,60.678,Carton,100.0,,,,,,,Knörr / Lespay Aguilera,,,,,,,
Pipette for cell culture 25 ml + 11 ml Falcon®,Falcon®,357535,,Consommable,NB04,14.661,Polystyrène (PS),,Polystyrène (PS),,,1.91,,14.991,,,,,,,,,,,,,,,,
Falcon® Tube with conical bottom 15 ml (bulk),Falcon®,352096,,Consommable,NB13,6.749,Polypropylène (PP),,Polypropylène (PP),,,0.0,,10.584,,50.0,,,,,,,Knörr / Lespay Aguilera,,,,,,,
TPP Tissue Culture Dish 100,TPP,93100,,Consommable,NB13,24.2251,Polystyrène (PS),,Polystyrène (PS),,,0.0,,8.856,,10.0,,,,,,,Knörr / Lespay Aguilera,, ,,,,,
"Dropper Bottle, LDPE with white closure 15ml",ThermoScentific,2750-9050,,Consommable,NB43,3.74,Low-density Polyéthylène (LDPE),1.52,Polyéthylène (PE),0.423,Low-density Polyéthylène (LDPE),0.992,Polyéthylène (PE),2.788,Carton,25.0,36.06,,,,25/02/2026,https://www.thermofisher.com/order/catalog/product/2750-9050,Souchaud,,https://www.thermofisher.com/order/catalog/product/2750-9050,,,,,
