code_nacres,designation,code_ijm,prix_ht,condt,nb_unites,prix_unitaire,marque,page
HA04,GANTS de PROTECTION THERMIQUE KEVLAR/COTON Jusqu'à 350°C L310mm,E033,32.72,1,1,32.72,,1
HA04,GANTS de PROTECTION THERMIQUE ETANCHE Jusqu'à 150°C,E033A,81.53,1,1,81.53,MAPA,1
HA04,CRYOGANT en CUIR Etanche 38 cm Taille S,E034,69.92,1,1,69.92,CRYO-GLOVES,1
HA04,CRYOGANT en CUIR Etanche 38 cm Taille M,E035,69.92,1,1,69.92,CRYO-GLOVES,1
HA04,CRYOGANT en CUIR Etanche 38 cm Taille L,E0351,69.92,1,1,69.92,CRYO-GLOVES,1
HA01,GANTS LATEX XS Eco SHIELD,E03630,9.01,1 x100,100,0.0901,SHIELD,1
HA01,GANTS LATEX S Eco SHIELD,E03631,9.01,1 x100,100,0.0901,SHIELD,1
HA01,GANTS LATEX M Eco SHIELD,E03632,9.01,1 x100,100,0.0901,SHIELD,1
HA01,GANTS LATEX L Eco SHIELD,E03633,9.01,1 x100,100,0.0901,SHIELD,1
HA01,GANTS NITRILE XS (x200) FISHERBRAND,E0342D,9.74,1 x200,200,0.0487,FISHERBRAND,1
HA01,GANTS NITRILE S (x200) FISHERBRAND,E0343D,9.74,1 x200,200,0.0487,FISHERBRAND,1
HA01,GANTS NITRILE M (x200) FISHERBRAND,E0353D,9.74,1 x200,200,0.0487,FISHERBRAND,1
HA01,GANTS NITRILE L (x200) FISHERBRAND,E0363D,9.74,1 x200,200,0.0487,FISHERBRAND,1
HA01,GANTS NITRILE XL (x200) FISHERBRAND,E0364D,9.74,1 x200,200,0.0487,FISHERBRAND,1
HA01,GANTS NITRILE XS (x150) EcoSHIELD VERT,E0342B,16.59,1 x150,150,0.1106,SHIELD SCIENTIFIC,1
HA01,GANTS NITRILE S (x150) EcoSHIELD VERT,E0343B,16.59,1 x150,150,0.1106,SHIELD SCIENTIFIC,1
HA01,GANTS NITRILE M (x150) EcoSHIELD VERT,E0353B,16.59,1 x150,150,0.1106,SHIELD SCIENTIFIC,1
HA01,GANTS NITRILE L (x150) EcoSHIELD VERT,E0363B,16.59,1 x150,150,0.1106,SHIELD SCIENTIFIC,1
HA01,GANTS NITRILE XL (x150) EcoSHIELD VERT,E0364B,16.59,1 x150,150,0.1106,SHIELD SCIENTIFIC,1
HA01,GANTS NITRILE 260 SHIELDskin XS (Orange),E0342G,15.74,1x90,90,0.174889,SHIELD SCIENTIFIC,1
HA01,GANTS NITRILE 260 SHIELDskin S (Orange),E0343G,15.74,1x90,90,0.174889,SHIELD SCIENTIFIC,1
HA01,GANTS NITRILE 260 SHIELDskin M (Orange),E0353G,15.74,1x90,90,0.174889,SHIELD SCIENTIFIC,1
HA01,GANTS NITRILE 260 SHIELDskin L (Orange),E0363G,15.74,1x90,90,0.174889,SHIELD SCIENTIFIC,1
HA01,GANTS NITRILE 260 SHIELDskin XL (Orange),E0364G,15.74,1x90,90,0.174889,SHIELD SCIENTIFIC,1
HA01,GANTS NEOPRENE/NITRILE 300 SHIELDskin CHEM XS (Rouge/Red),E0342R,37.35,1x40,40,0.93375,SHIELD SCIENTIFIC,1
HA01,GANTS NEOPRENE/NITRILE 300 SHIELDskin CHEM S (Rouge/Red),E0343R,37.35,1x40,40,0.93375,SHIELD SCIENTIFIC,1
HA01,GANTS NEOPRENE/NITRILE 300 SHIELDskin CHEM M (Rouge/Red),E0353R,37.35,1x40,40,0.93375,SHIELD SCIENTIFIC,1
HA01,GANTS NEOPRENE/NITRILE 300 SHIELDskin CHEM L (Rouge/Red),E0363R,37.35,1x40,40,0.93375,SHIELD SCIENTIFIC,1
HA01,GANTS NEOPRENE/NITRILE 300 SHIELDskin CHEM XL (Rouge/Red),E0364R,37.35,1x40,40,0.93375,SHIELD SCIENTIFIC,1
HA04,GANTS de MANUTENTION croûte cuire,E037,6.78,1,1,6.78,,1
HA04,GANTS de MENAGE Hypoallergenique Taille 6/7,E038,2.25,1,1,2.25,ADELYA,1
HA04,GANTS de MENAGE Hypoallergenique Taille 7/8,E039,2.25,1,1,2.25,ADELYA,1
HA04,GANTS de MENAGE HypoallergeniqueTaille 8/9,E040,2.25,1,1,2.25,ADELYA,1
HA03,BLOUSE JETABLE Taille L ou XL (x50) Avec bouton pression,E053,48.15,1x50,50,0.963,,1
HA02,SUR-CHAUSSURE ANTI-DERAPANTES (Au carton),HS024,50.94,1x400,400,0.12735,,1
HA02,CHARLOTTE CLIP BLANC (x100),E0551,6.58,1x100,100,0.0658,,1
HA03,BLOUSE MIXTE BLANCHE Taille 0 Logo IJM,HS007,25.15,1,1,25.15,,2
HA03,BLOUSE MIXTE BLANCHE Taille 1 Logo IJM,HS008,25.15,1,1,25.15,,2
HA03,BLOUSE MIXTE BLANCHE Taille 2 Logo IJM,E009,25.15,1,1,25.15,,2
HA03,BLOUSE MIXTE BLANCHE Taille 3 Logo IJM,E010,25.15,1,1,25.15,,2
HA03,BLOUSE MIXTE BLANCHE Taille 4 Logo IJM,E011,25.15,1,1,25.15,,2
HA03,BLOUSE MIXTE BLANCHE Taille 5 Logo IJM,E0112,25.15,1,1,25.15,,2
HA03,BLOUSE MIXTE BLANCHE Taille 6 Logo IJM,E0113,25.15,1,1,25.15,,2
HA03,BLOUSE CLARISSE Taille 4 (Bouton latéral),E012T,25.15,1,1,25.15,,2
HA03,TABLIER à BAVETTE,E068,5.96,1,1,5.96,,2
HA02,MASQUE de PROTECTION Coquille en fibre de polyester,E048A,0.14,1,1,0.14,,2
HA02,MASQUE de PROTECTION CHIRURGICAUX (Boite x50),E048B,3.1,1x50,50,0.062,,2
HA02,MASQUE de PROTECTION Respiratoire filtrant FFP2 Particules toxiques,E0481,1.5,1,1,1.5,,2
HA02,MASQUE de PROTECTION Respiratoire filtrant FFP3 Aérosols toxiques,E0482,4.43,1,1,4.43,,2
HA02,MASQUE REUTILISABLE 3M 4279+ (Filtres ABEK 1P3 intégrés),E0483,32.92,1,1,32.92,,2
HA02,CASQUE Anti-Bruit 35dB,D142,22.29,1,1,22.29,,2
HA05,LUNETTE de PROTECTION de BASE Mono-écran,D120,8.39,1,1,8.39,,2
HA05,SUR-LUNETTE de PROTECTION,D120A,8.24,1,1,8.24,,2
HA05,ECRAN FACIAL de PROTECTION SS VISIERE POLYCARBONATE,D140,17.57,1,1,17.57,CLEARWAYS,2
AA41,FILM ALUMINIUM 200mx30cm 14µ,E002,19.54,1,1,19.54,ALUPRO,2
HA11,PAPIER de PROTECTION BENCHGUARD 60x49cm (100 feuilles),D026,109.7,1,1,109.7,THERMO,2
HA11,PAPIER de PROTECTION Equivalent BENCHGUARD 46x57cm (100 feuilles),D027,37.75,1,1,37.75,THERMO,2
HA11,"PAPIER FILTRE blanc 42x52cm, Rame de 7 Kg",D028,28.53,1,1,28.53,,2
HA11,FILTER PAPERS 1 Qualitative Circles Ø 55mm (x100),D028A,5.31,1,1,5.31,WHATMAN,2
HA11,PAPIER de CHROMATOGRAPHIE WHATMAN 3 MM CHR,D032,217.63,1,1,217.63,WHATMAN,2
HA11,PAPIER de CHROMATOGRAPHIE Blotting MN 218B Type Whatman 3 MM CHR,D032A,185.46,1,1,185.46,MACHEREY-NAGEL,2
HA11,Papier d'essuyage KIMWIPPES 115x215mm (280 feuilles),E046A,5.65,1,1,5.65,,2
HA11,Papier d'essuyage OPTIQUE WHATMAN 100x150mm (25 f),E046,3.06,1,1,3.06,WHATMAN,2
NB35,PARAFILM 10cmx75m,D033,42.94,1,1,42.94,FISHER,2
NB35,FILM SARAN 300mx30cm,D0192,84.63,1,1,84.63,,2
NB35,FILM PRESS' N SEAL 40m,D0194,23.95,1,1,23.95,,2
NB35,FILMPRO Etirable 300mx30cm ou 300mx45cm,D0195,9.88,1,1,9.88,FILMPRO,2
NB35,Papier pH Whatman - BANDELETTES Gamme pH 0-14 (6x80mm) x100,D029,22.68,1x100,100,0.2268,WHATMAN,2
NB35,Papier pH Whatman - DISTRIBUTEUR Gamme pH 1.0-14.0 (7mmx5m),D030,15.62,1,1,15.62,WHATMAN,2
HA11,BOITE à DÉCHETS 300ml (Aiguille usagée),E0121,2.21,1,1,2.21,,2
HA11,BOITE à DÉCHETS 2L (Objets contaminés),E0132,1.92,1,1,1.92,,2
HA11,"BOITE à DÉCHETS 600ml (Lames,aiguilles…)",E01312,3.05,1,1,3.05,,2
HA11,SAC AUTOCLAVE 300x500mm 10L (x20),E058A,1.68,1,1,1.68,,2
HA11,SAC AUTOCLAVE 400x780mm 30L (x20),E059A,3.15,1,1,3.15,,2
NB35,RUBAN ADHESIF de MARQUAGE COULEUR 19mmx12m,B001,4.5,1,1,4.5,TIME TAPE,3
NB35,RUBAN INDICATEUR pour AUTOCLAVE 19mmx50m,B002,5.35,1,1,5.35,,3
NB35,RUBAN INDICATEUR pour POUPINEL (Four)19mmx55m,B004,18.01,1,1,18.01,,3
NB35,"ETIQUETTES CRYO-TAGS WHITE (-196°C) 33x13mm pour microtubes 1,5 et 2ml",HS020,43.73,1x1000,1000,0.04373,,3
NB35,"ETIQUETTES TOUCH-SPOTS (-80° / +121°C) Diam 9,5mm pour microtubes 0,5 à 2ml
(Couleurs assortis)",HS021,166.55,1x5000,5000,0.03331,,3
NB35,"ETIQUETTES CRYO Blanc (-196°C) 33x13mm pour microtubes 1,5 et 2ml",HS028,74.74,1x1700,1700,0.043965,,3
NB35,"ETIQUETTES CRYO RONDE (-196°C) Diam 9,5mm pour microtubes 1,5 et 2ml",HS029,63.89,1x1000,1000,0.06389,,3
NB35,"ETIQUETTES BRADY B-499 Blanc nylon 19,1mmX5,8m (-40 / +90 °C)",B117,26.82,1x5000,5000,0.005364,,3
NB11,"GAZE HYDROPHILE ""CHEESECLOTH"" (64mX91,4cm)",E044,154.39,1,1,154.39,,3
NB11,COTON CARDÉ ÉCRU 500g,E0171,5.89,1,1,5.89,,3
BB01,COTON TIGES,D016,2.03,1,1,2.03,,3
NA21,ACIDE ACÉTIQUE 1litre,C003,4.58,1,1,4.58,PROLABO,4
NA21,ACIDE CHLORHYDRIQUE 37% NP 1litre,C005,5.22,1,1,5.22,PROLABO,4
NA21,ACIDE CITRIQUE NP 1Kg,C006,12.84,1,1,12.84,PROLABO,4
NA21,ACIDE NITRIQUE 69% NP 1 litre,C007,9.23,1,1,9.23,PROLABO,4
NA21,ACIDE BORIQUE Christallisé NP 1Kg,C008,18.69,1,1,18.69,PROLABO,4
NA21,ACIDE SULFURIQUE 95% NP 1 litre,C009,6.09,1,1,6.09,PROLABO,4
NA21,ACIDE TRICHLOROACÉTIQUE NP 1Kg,C010,69.8,1,1,69.8,PROLABO,4
NA21,ACIDE PROPIONIQUE pour la synthèse 1 litre Usage sous condition avec protection,C069,39.59,1,1,39.59,MERCK,4
NB22,"ACRYLAMIDE (99,4%) Bis Acrylamide 19/1 40% Solution 500ml",C0024,37.66,1,1,37.66,EUROMEDEX,4
NB22,"ACRYLAMIDE (99,4%) Bis Acrylamide 29/1 40% Solution 500ml",C0025,37.66,1,1,37.66,EUROMEDEX,4
NB22,"ACRYLAMIDE (99,4%) Bis Acrylamide 37,5/1 40% Solution 500ml",C0022,37.66,1,1,37.66,EUROMEDEX,4
NB22,AGAROSE Standard 100g,C0023,44.94,1,1,44.94,EUROMEDEX,4
NB22,DMSO 250ml,C0027,75.49,1,1,75.49,EUROMEDEX,4
NA31,ETHIDIUM BROMIDE (BET) Solution 10ml 0.5mg/ml,E406,15.41,1,1,15.41,EUROMEDEX,4
NA31,"SYBR Safe DNA gel stain - 10,000X concent in DMSO (400µl)",C075,98.27,1,1,98.27,LIFE Technologie,4
NA31,DNA Stain: ClearSight DNA Stain 1ml,C076,60.94,1,1,60.94,EUROMEDEX,4
NA25,"TAE 10X Solution 2,5 litres",C0626,18.46,1,1,18.46,EUROMEDEX,4
NA25,"TBE 10X Solution 2,5 litres",C0621A,24.72,1,1,24.72,EUROMEDEX,4
NA31,TEMED 25ml,C0623,16.37,1,1,16.37,EUROMEDEX,4
NA25,"TRIS -Glycine SDS Solution 10X 2,5 litres",C0647,27.39,1,1,27.39,EUROMEDEX,4
NA21,AMMONIUM ACÉTATE NP 1Kg,C013,14.18,1,1,14.18,PROLABO,4
NA21,AMMONIUM CHLORURE NP 1Kg,C0131,25.06,1,1,25.06,PROLABO,4
NA21,AMMONIUM SULFATE NP 1Kg,C014,20.44,1,1,20.44,PROLABO,4
NA21,GALACTOSE Low Glucose and Lactose 1Kg,C0141,278.31,1,1,278.31,EUROMEDEX,4
NA21,CALCIUM CHLORURE NP 1Kg,C022,20.6,1,1,20.6,PROLABO,4
NA25,DTT (Purity: 99%) 25g,C034,110.96,1,1,110.96,EUROMEDEX,4
NA21,GLUCOSE D(+) Anhydre GPR Rectapur 1Kg,C030,19.8,1,1,19.8,PROLABO,4
NA21,GLUCOSE 1Kg,C030A,26.38,1,1,26.38,EUROMEDEX,4
NA25,"GLYCEROL BI-DISTILLE 99,5% NP 1 litre",C031,16.26,1,1,16.26,PROLABO,4
NA25,GLYCEROL High Purity 1 litre,C032,35.1,1,1,35.1,EUROMEDEX,4
NA26,GLYCINE PA 1Kg,C0312,32.9,1,1,32.9,EUROMEDEX,4
NA21,GLYCOGEN 20mg/ml,C0311,118.13,1,1,118.13,ROCHE,4
NA21,"GLYCOGEN 20mg/ml (2x0,25ml)",C0313,104.0,1,1,104.0,EUROMEDEX,4
NA55,IPTG Dioxane free 5g,C0321,25.52,1,1,25.52,EUROMEDEX,4
NA76,KANAMYCIN MonoSULFATE 25g,C015,95.5,1,1,95.5,EUROMEDEX,4
NA21,MAGNÉSIUM CHLORURE HEXAHYDRATE PA 250g,C074,19.26,1,1,19.26,MERCK,4
NA21,MAGNÉSIUM CHLORIDE HEXAHYDRATE 250g,C0741,16.26,1,1,16.26,EUROMEDEX,4
NA21,MAGNÉSIUM SULFATE HEPTAHYDRATE 1Kg,C078,58.74,1,1,58.74,EUROMEDEX,4
NA28,METHYL 4-HYDROXYBENZOATE 99% 1Kg,C068,63.02,1,1,63.02,PROLABO,4
NA28,METHYL 4-HYDROXYBENZOATE - SEL DE SODIUM 5Kg,C068A,462.88,1,1,462.88,MERCK,4
NA21,PARAFORMALDEHYDE en poudre 1Kg,C073,16.48,1,1,16.48,PROLABO,5
NA21,POTASSIUM ACÉTATE NP 1Kg,C044,38.2,1,1,38.2,EUROMEDEX,5
NA21,POTASSIUM CHLORURE PA 1Kg,C045,19.37,1,1,19.37,PROLABO,5
NA21,POTASSIUM DIHYDROGENOPHOSPHATE NP1Kg,C046,32.31,1,1,32.31,PROLABO,5
NA21,POTASSIUM HYDROXYDE Solution 38 % NP 1 litre,C047,38.11,1,1,38.11,PROLABO,5
NA21,POTASSIUM HYDROXYDE en pastilles 1Kg,C048,30.28,1,1,30.28,PROLABO,5
NA21,DI-POTASSIUM HYDROGENOPHOSPHATE Rectapur 1Kg,C051,29.64,1,1,29.64,PROLABO,5
NA21,URÉE NP 1Kg,C065,20.22,1,1,20.22,PROLABO,5
NA28,SACCHAROSE NP 1Kg,C054,16.59,1,1,16.59,PROLABO,5
NA21,SUCROSE D (+) SACCHAROSE 1Kg,C0541,13.48,1,1,13.48,EUROMEDEX,5
NA25,SDS Ultra pur 99% (Sodium Dodecyl Sulfate) 20% solution 1 litre,C0544,75.49,1,1,75.49,EUROMEDEX,5
NA21,SODIUM ACÉTATE PA 1Kg,C055,48.82,1,1,48.82,PROLABO,5
NA21,SODIUM HYDROGÉNOCARBONATE NP 1Kg,C056,16.93,1,1,16.93,PROLABO,5
NA21,SODIUM CHLORURE PA 1Kg,C057,11.88,1,1,11.88,PROLABO,5
NA21,SODIUM CHLORURE PA 1Kg,C057A,15.41,1,1,15.41,EUROMEDEX,5
NA21,TRI-SODIUM CITRATE NP1Kg,C058,23.3,1,1,23.3,PROLABO,5
NA21,SODIUM HYDROXYDE PASTILLES PA 1Kg,C059,18.52,1,1,18.52,PROLABO,5
NA21,SODIUM HYDROXYDE SOLUTION PA 1 litre,C060,13.7,1,1,13.7,PROLABO,5
NA21,DI-SODIUM HYDROGENOPHOSPHATE PA 1Kg,C061,33.06,1,1,33.06,VWR,5
NA21,SODIUM DIHYDROGÉNOPHOSPHATE 1Kg,C062,23.56,1,1,23.56,PROLABO,5
NA21,TRIS BASE Ultra pur 1Kg,C0641,76.08,1,1,76.08,EUROMEDEX,5
NA55,X-GAL 1g,C066A,59.12,1,1,59.12,EUROMEDEX,5
NA02,ACETONE TECHNIQUE 5 litres,C001,10.04,1,1,10.04,PROLABO,5
NA02,ACETONE NP 1 litre,C002,4.91,1,1,4.91,PROLABO,5
NA03,ACETONITRILE pour HPLC CHROMA 1 litre,C0026,11.24,1,1,11.24,PROLABO,5
NA03,"ACETONITRILE pour HPLC CHROMA 2,5 litre",C0021,22.59,1,1,22.59,PROLABO,5
NA04,CHLOROFORME NP 1 litre,C023,7.96,1,1,7.96,PROLABO,5
NA07,DIETHYLE OXYDE (ETHER) NP 1 litre  après justification de l'usage,C024,7.28,1,1,7.28,PROLABO,5
NA05,ETHANOL 95 % Rectapur 5 litres,C027,12.84,1,1,12.84,PROLABO,5
NA05,ETHANOL 70% Rectapur 5 litres,C027A,15.14,1,1,15.14,PROLABO,5
NA05,ETHANOL ABSOLU MERCK 1 litre,C028,17.11,1,1,17.11,MERCK,5
NA05,ETHANOL ABSOLU NP 1 litre,C029,5.35,1,1,5.35,PROLABO,5
NA05,HEXANE NP 1 litre,C004,9.5,1,1,9.5,PROLABO,5
NA05,METHANOL PA MERCK 1 litre,C035,9.05,1,1,9.05,MERCK,5
NA05,METHANOL HPLC 1 litre,C037,4.63,1,1,4.63,PROLABO,5
NA05,METHANOL NP 1 litre,C038,4.23,1,1,4.23,PROLABO,5
NA05,METHANOL Rectapur 5 litres,C040,6.31,1,1,6.31,PROLABO,5
NA52,PHÉNOL 99% Tris Saturated Tamponné 100ml,C0432,24.61,1,1,24.61,VWR,5
NA52,PHÉNOL 99% Tris Saturated Tamponné 400ml,C0433,69.55,1,1,69.55,VWR,5
NA05,PROPANOL 2 (ISO) PA MERCK 1 litre,C052,12.47,1,1,12.47,MERCK,5
NA05,PROPANOL 2 (ISO) NP 1 litre,C053,6.14,1,1,6.14,PROLABO,5
NA06,TOLUENE NP 1 litre,C063,4.91,1,1,4.91,PROLABO,5
NA06,XYLENE NP 1 litre,C067,6.1,1,1,6.1,PROLABO,5
NB22,"NuPAGE Novex 4-12% Bis-Tris Gel 1.0mm, 10 well",C082,125.36,1X10,10,12.536,"réf LIFE Technologie
NP0321BOX",6
NB22,"NuPAGE Novex 4-12% Bis-Tris Gel 1.0mm, 12well",C085,125.36,1X10,10,12.536,"réf LIFE Technologie
NP0322BOX",6
NB22,"NuPAGE Novex 4-12% Bis-Tris Gel 1.0mm, 15well",C087,160.15,1X10,10,16.015,"réf LIFE Technologie
NP0323BOX",6
NB22,"NuPAGE Novex 4-12% Bis-Tris Gel 1.5mm, 10 well",C080,133.14,1X10,10,13.314,"réf LIFE Technologie
NP0335BOX",6
NB22,"NuPAGE Novex 4-12% Bis-Tris Gel 1.5mm, 15 well",C084,133.14,1X10,10,13.314,"réf LIFE Technologie
NP0336BOX",6
NB22,"NuPAGE Novex 10% Bis-Tris Gel 1.0mm, 10 well",C081,126.55,1X10,10,12.655,"réf LIFE Technologie
NP0301BOX",6
NB22,"NuPAGE Novex 10% Bis-Tris Gel 1.0mm, 15 well",C083,131.83,1X10,10,13.183,"réf LIFE Technologie
NP0303BOX",6
NB22,"NuPAGE Novex 12% Bis-Tris Gel 1.0mm, 10 well",C086,184.89,1X10,10,18.489,"réf LIFE Technologie
NP0341BOX",6
NB22,IBLOT PVDF GEL TRANSFER STACKS Regular - 10 rxn,C130,216.02,1X10,10,21.602,"réf LIFE Technologie
IB24001",6
NB22,IBLOT PVDF GEL TRANSFER STACKS Mini - 10 rxn,C131,179.3,1X10,10,17.93,"réf LIFE Technologie
IB24002",6
NB22,IBLOT NC GEL TRANSFER STACKS Regular - 10 rxn,C132,194.22,1X10,10,19.422,"réf LIFE Technologie
IB23001",6
NB22,IBLOT NC GEL TRANSFER STACKS Mini - 10 rxn,C133,159.21,1X10,10,15.921,"réf LIFE Technologie
IB23002",6
NB22,NuPAGE Antioxidant 15ml,C090,36.36,1,1,36.36,"réf LIFE Technologie
NP0005",6
NA25,NuPAGE MES SDS Running Buffer (20X) 500ml,C091,85.16,1,1,85.16,"réf LIFE Technologie
NP0002",6
NA25,NuPAGE MOPS SDS Running Buffer (20X) 500ml,C092,85.89,1,1,85.89,"réf LIFE Technologie
NP0001",6
NB22,NuPAGE Sample Reducing Agent (10X) 250µl,C093,14.18,1,1,14.18,"réf LIFE Technologie
NP0004",6
NB22,NuPAGE Sample Reducing Agent (10X) 10ml,C096,92.26,1,1,92.26,"réf LIFE Technologie
NP0009",6
NB22,NuPAGE Transfert Buffer (20X) 125ml,C094,32.98,1,1,32.98,"réf LIFE Technologie
NP0006",6
NB22,NuPAGE LDS Sample Buffer (4X) 10ml,C095,22.77,1,1,22.77,"réf LIFE Technologie
NP0007",6
NA25,LANE MARKER Reducing Sample Buffer 5ml,C111,97.94,1,1,97.94,"réf LIFE Technologie
39000",6
NA25,PageBlue PROTEIN STAINING Solution 1000ml,C113,137.12,1,1,137.12,Réf PIERCE 24620,6
NB22,"NOVEX WedgeWell 10% Tris-Glycine Mini Gels, 10 well",C120,94.46,1X10,10,9.446,"réf LIFE Technologie
XP00100BOX",6
NB22,"NOVEX WedgeWell 4-12% Tris-Glycine Mini Gels, 10 well",C121,94.46,1X10,10,9.446,"réf LIFE Technologie
XP04120BOX",6
NB22,"NOVEX WedgeWell 4-20% Tris-Glycine Mini Gels, 10 well",C122,94.46,1X10,10,9.446,"réf LIFE Technologie
XP04200BOX",6
NB22,"NOVEX WedgeWell 4-20% Tris-Glycine Mini Gels, 12 well",C123,94.46,1X10,10,9.446,"réf LIFE Technologie
XP04202BOX",6
NB22,"NOVEX WedgeWell 4-20% Tris-Glycine Mini Gels, 15 well",C124,94.46,1X10,10,9.446,"réf LIFE Technologie
XP04205BOX",6
NA56,"Mini-PROTEAN TGX 10% Stain free, 10 well 50µl",C102,111.07,1X10,10,11.107,réf BIORAD 4568034,7
NA56,"Mini-PROTEAN TGX 12% Stain free, 10 well 50µl",C103,111.07,1X10,10,11.107,réf BIORAD 4568044,7
NA56,"Mini-PROTEAN TGX 12% Stain free, 15 well 15µl",C104,111.07,1X10,10,11.107,réf BIORAD 4568046,7
NA56,"Mini-PROTEAN TGX 4-15% Stain free, 10 well 50µl",C105,111.07,1X10,10,11.107,réf BIORAD 4568084,7
NA56,"Mini-PROTEAN TGX 4-20% Stain free, 10 well 50µl",C106,111.07,1X10,10,11.107,réf BIORAD 4568094,7
NA56,"Mini-PROTEAN TGX 4-20% Stain free, 12 well 20µl",C107,111.07,1X10,10,11.107,réf BIORAD 4568095,7
NA56,"Mini-PROTEAN TGX 4-20% Stain free, 15 well 15µl",C108,111.07,1X10,10,11.107,réf BIORAD 4568096,7
NA25,Laemmli Sample Buffer (4X) 10ml,C109,23.47,1,1,23.47,réf BIORAD 1610747,7
NA25,Laemmli Sample Buffer (2X) 30ml,C109A,68.16,1,1,68.16,réf BIORAD 1610737,7
NA25,Native Sample Buffer 30ml,C110,68.16,1,1,68.16,réf BIORAD 1610738,7
NB23,ECL Standard Western Blotting for 2000cm2 KIT 250 (125ml de A - 125ml de B),KB002,110.09,1,1,110.09,Réf CYTIVA RPN2209,7
NB23,ECL PRIME Western Blotting for 1000cm2 KIT 100ml (50ml de A - 50ml de B),KB009,149.7,1,1,149.7,Réf CYTIVA RPN2232,7
NB23,ECL SELECT Western Blotting for 1000cm2 (KIT 100ml) Equivalent FEMTO - PIERCE,KB011,210.9,1,1,210.9,Réf CYTIVA RPN2235,7
NB23,ECL WESTERN BLOTTING Substrate 500ml reagents for 4000cm2,KB003,274.12,1,1,274.12,Réf THERMO 32106,7
NB23,ECL PLUS WESTERN BLOTTING 100ml reagents for 1000cm2,KB007,237.28,1,1,237.28,Réf THERMO 32132,7
NB23,Pierce SuperSignal WEST PICO Chemiluminescent Substrate 500ml (2 x 250ml),KB004,219.14,1,1,219.14,Réf THERMO 34580,7
NB23,Pierce SuperSignal WEST FEMTO Chemiluminescent Substrate 20ml,KB005,127.44,1,1,127.44,Réf THERMO 34094,7
NB23,Pierce SuperSignal WEST FEMTO Max Sensitivity Substrate 100ml,KB006,422.25,1,1,422.25,Réf THERMO 34095,7
NA28,INHIBITEUR de PROTEASES Complete (1x20 tablets),C097,264.29,1x20,20,13.2145,"Réf ROCHE
11836145001",7
NA28,"INHIBITEUR de PROTEASES Complete, EDTA-free (1x20 tablets)",C098,253.32,1x20,20,12.666,"Réf ROCHE
05056489001",7
NA28,"INHIBITEUR de PROTEASES Complete, Mini, EDTA-free (1x25 tablets)",C099,152.88,1x25,25,6.1152,"Réf ROCHE
11836170001",7
NA28,PhosSTOP (20 Tablets),C100,260.35,1x20,20,13.0175,"Réf ROCHE
04906837001",7
NA56,PIERCE PROTEIN A/G MAGNETIC BEADS 1ml,C111A,229.68,1,1,229.68,Réf THERMO 88802,8
NA56,PIERCE PROTEIN A/G MAGNETIC BEADS 5ml,C112,849.85,1,1,849.85,Réf THERMO 88803,8
NA46,Goat ANTI-MOUSSE IgG (H+L) Preroxidase Conjugated 2ml,C115,353.81,1,1,353.81,Réf THERMO 31430,8
NA46,Goat ANTI-RABBIT IgG (H+L) Preroxidase Conjugated 2ml,C116,302.68,1,1,302.68,Réf THERMO 31460,8
NE02,"Mix2Seq Kit ""EUROFINS"" (SmartSeq KIT - 96 individuals pre-labelled tubes)",B1097,304.95,1x96,96,3.176562,EUROFINS,8
NE02,"Custom DNA Sequencing ""GATC"" SUPREMERun tube / Barcode",B1095,3.42,1,1,3.42,EUROFINS,8
NE02,"Custom DNA Sequencing ""GATC"" LIGHTRun Tube / Barcode",B1096,3.32,1,1,3.32,EUROFINS,8
NA52,QIAFILTER Plasmid MAXI Kit (25 preps),C0531,535.18,1,1,535.18,QIAGEN Réf 12163,9
NA52,NUCLEOBOND Xtra MAXI Plus (10 preps) Kit complet avec tampons,G4300,152.37,1,1,152.37,Réf MN 740416.10,9
NA52,NUCLEOBOND Xtra MAXI Plus (50 preps) Kit complet avec tampons.,G4350,757.77,1,1,757.77,Réf MN 740416.50,9
NA52,NucleoBond XTRA Buffer Set I (Pour 12 Xtra Maxipreps ou 18 Midipreps),G4301,52.43,1,1,52.43,Réf MN 740417,9
NA52,Xtra Maxi Prep ENDO-FREE (10 preps) Kit complet avec tampons EF,G4330,244.28,1,1,244.28,Réf MN 740424.10,9
NA52,QIAFILTER Plasmid MIDI Kit (25 preps),C0532,310.19,1,1,310.19,QIAGEN Réf 12243,9
NA52,NUCLEOBOND Xtra MIDI Plus (10 preps),G4100,84.64,1,1,84.64,Réf MN 740412.10,9
NA52,NUCLEOBOND Xtra MIDI Plus (50 preps) Kit complet avec tampons,G4150,390.34,1,1,390.34,Réf MN 740412.50,9
NA52,NUCLEOBOND Xtra MIDI (100 preps) Kit complet avec tampons.,G4160,598.77,1,1,598.77,Réf MN 740410.100,9
NA52,QIAPREP Spin MINIPREP Kit (50 preps),C0535,103.39,1,1,103.39,QIAGEN Réf 27104,9
NA52,QIAPREP Spin MINIPREP Kit (250 preps),C0537,452.85,1,1,452.85,QIAGEN Réf 27106,9
NA52,NUCLEOSPIN Plasmind Kit de Tampon I,G4001,43.66,1,1,43.66,Réf MN 740953,9
NB11,NUCLEOSPIN Plasmind COLUMNS (50 colonnes),G4002,34.99,1,1,34.99,Réf MN 740588.50S,9
NB11,NUCLEOSPIN Plasmind COLUMNS (250 colonnes),G4003,156.76,1,1,156.76,Réf MN 740588.250S,9
NA52,QIAQUICK Gel EXTRACTION Kit (50 preps),C0534,133.03,1,1,133.03,QIAGEN Réf 28704,9
NA52,NUCLEOSPIN GEL & PCR Clean-up (50 preps) Kit complet avec tampons,G4200,75.81,1,1,75.81,Réf MN 740609.50,9
NA52,NUCLEOSPIN GEL & PCR Clean-up (250 preps) Kit complet avec tampons,G4250,329.03,1,1,329.03,Réf MN 740609.250,9
NB11,"NUCLEOSPIN GEL & PCR Clean-Up (Extract II), COLUMNS (50 colonnes)",G4202,44.89,1,1,44.89,Réf MN 740609.50S,9
NB11,NUCLEOSPIN GEL & PCR Clean-Up COLUMNS (250 colonnes),G4203,201.91,1,1,201.91,Réf MN 740609.250S,9
NA52,NUCLEOSPIN RNA (250 preps),G4405,958.16,1,1,958.16,Réf MN 740955.250,9
NA52,NUCLEOSPIN RNA PLUS (50 preps),G4406,247.17,1,1,247.17,Réf MN 740984.50,9
NA52,NUCLEOSPIN RNA VIRUS (50 preps),G4407,180.1,1,1,180.1,Réf MN 740956.50,9
NA52,NUCLEOSPIN RNA COLUMNS (50 colonnes),G4402,131.61,1,1,131.61,Réf MN 740955.50S,9
NA52,LOOKOUT MYCOPLASMA PCR DETECTION KIT,C10KT,268.44,1,1,268.44,SIGMA / MERCK,9
NA52,REDEXTRACT-N-AMP Tissue PCR Kit,C30KT,284.87,1,1,284.87,SIGMA / MERCK,9
NA52,TISSUE PREPARATION SOLUTION 30ml,C40KT,277.88,1,1,277.88,SIGMA / MERCK,9
NA52,"REDEXTRACT-N-AMP PCR Ready MIX 1,2ml",C50KT,126.76,1,1,126.76,SIGMA / MERCK,9
NA52,TRI-REAGENT RNA Extraction reagent (Equivalent TRIZOL) 100ml,KBM546,135.52,1,1,135.52,EUROMEDEX,9
NA52,WIZARD SV GEL & PCR Clean-Up System (50 preps),A9281,106.57,1,1,106.57,PROMEGA,9
NA52,Rneasy Mini Kit (50 preps),C0539,365.28,1,1,365.28,QIAGEN Réf 74104,9
NA31,LightCycler SYBR Green Master 5ml,KBM538,180.04,1,1,180.04,ROCHE,9
NA31,POWER SYBR Green PCR Master Mix (5ml),KBM5372,345.49,1,1,345.49,LIFE TECHNOLOGIE,9
NA54,T4 DNA LIGASE (100u),EM004,27.37,1,1,27.37,LIFE Technologie,10
NA54,T4 DNA LIGASE (20 000u),M0202S,59.39,1,1,59.39,BIOLABS,10
NA54,"DNase I recombinant, RNase free solution (10 000u)",EM0022,192.81,1,1,192.81,ROCHE,10
NA54,DNase I (RNase-free) (1 000u),M0303S,65.81,1,1,65.81,BIOLABS,10
NA54,DNase I 100mg (2 X 10 000u),EM0012,96.81,1,1,96.81,ROCHE,10
NA54,"PHOSPHATASE, ALKALINE (AP) MB Grade 20u/µl (1000u)",EM0053,81.79,1,1,81.79,ROCHE,10
NA54,QUICK CIP (1000u) Remplace M0290S PHOSPHATASE ALCALINE (CALF) 10u/µl (1000u),M0525S,85.07,1,1,85.07,BIOLABS,10
NA54,CALF INTESTINAL ALKALINE PHOSPHATASE 20u/µl (1000u),EM0051,78.22,1,1,78.22,LIFE Technologie,10
NA54,T4 POLYNUCLEOTIDE KINASE (500u),M0201S,53.93,1,1,53.93,BIOLABS,10
NA54,NEBuilder Hifi DNA Assembly Master Mix (10 rxn),E2621S,162.52,1,1,162.52,BIOLABS,10
NA54,"PROTEINASE K, Recombinant, PCR Grade Lyophilizate 100mg",EM0082,70.49,1,1,70.49,ROCHE,10
NA54,PROTEINASE K 100mg,EM0082C,128.39,1,1,128.39,PROMEGA,10
NA54,PROTEINASE K (1 600u),P8107S,83.03,1,1,83.03,BIOLABS,10
NA54,RNase A 100mg,EM0092,89.56,1,1,89.56,ROCHE,10
NA54,QUICK LIGATION KIT 30 Réactions,M2200S,97.58,1,1,97.58,BIOLABS,10
NA55,TAQ DNA POLYMERASE (400u) (Tampon + MgSO4),M0267S,47.99,1,1,47.99,BIOLABS,10
NA55,PLATINIUM TAQ DNA POLYMERASE (100 Réactions),EM0031,78.57,1,1,78.57,LIFE Technologie,10
NA55,GoTAQ G2 POLYMERASE (500u),EM0025,91.38,1,1,91.38,PROMEGA,10
NA55,GoTAQ qPCR Master Mix 5ml,EM0024,126.74,1,1,126.74,PROMEGA,10
NA55,TAQ POLYMERASE (500u),EM003,150.15,1,1,150.15,LIFE Technologie,10
NA55,TAQ DNA POLYMERASE (400u) (Tampon + MgCL2),M0273S,47.99,1,1,47.99,BIOLABS,10
NA55,VENT DNA POLYMERASE (200u),M0254S,63.67,1,1,63.67,BIOLABS,10
NA55,DNA POLYMERASE I (500u),M0209S,65.81,1,1,65.81,BIOLABS,10
NA55,DNA POLYMERASE I Lg Fragm KLENOW (200u),M0210S,59.39,1,1,59.39,BIOLABS,10
NA55,T4 DNA POLYMERASE (150u),M0203S,64.2,1,1,64.2,BIOLABS,10
NA55,T7 RNA POLYMÉRASE (5 000u),M0251S,65.06,1,1,65.06,BIOLABS,10
NA55,T7 Endonuclease I (250u),M0302S,75.49,1,1,75.49,BIOLABS,10
NA55,PFU DNA POLYMERASE (100u),M7741,132.57,1,1,132.57,PROMEGA,10
NA55,PHUSION HIGH FIDELITY DNA POLYMERASE (100u),F0530S,72.88,1,1,72.88,LIFE Technologie,10
NA55,PHUSION HIGH FIDELITY DNA POLYMERASE (100u),M0530S,89.13,1,1,89.13,BIOLABS,10
NA55,PHUSION Hot Start Flex 2X Master Mix (100rxn),M0536S,198.29,1,1,198.29,BIOLABS,10
NA55,Q5 HIGH FIDELITY DNA POLYMERASE (100u),M0491S,85.39,1,1,85.39,BIOLABS,10
NA55,AccuPrime PFX DNA Polymerase (200 réactions),EM007,368.41,1,1,368.41,LIFE Technologie,10
NA55,ProtoSCRIPT II REVERSE TRANSCRIPTASE (10 000u),M0368L,160.93,1,1,160.93,BIOLABS,10
NA55,SUPERSCRIPT II REVERSE TRANSCRIPTASE (10 000u),EM009,190.25,1,1,190.25,LIFE Technologie,10
NA55,SUPERSCRIPT III REVERSE TRANSCRIPTASE (2 000u),EM0093,105.07,1,1,105.07,LIFE Technologie,10
NA55,SUPERSCRIPT III VILO (50 réactions),EM0094,684.97,1,1,684.97,LIFE Technologie,10
NA55,SUPERSCRIPT IV REVERSE TRANSCRIPTASE (10 000u),EM0097,357.01,1,1,357.01,LIFE Technologie,10
NA55,M-MLV REVERSE TRANSCRIPTASE (40 000u),EM008,188.58,1,1,188.58,LIFE Technologie,10
NA55,pGEM-T Easy Vector System I (20 réact),A1360,202.29,1,1,202.29,PROMEGA,10
NA53,AAT I (500u),R0117S,59.39,1,1,59.39,BIOLABS,11
NA53,ACC I (1 000u),R0161S,69.82,1,1,69.82,BIOLABS,11
NA53,AGE I (300u) HF Haute Fidélité,R0552S,68.21,1,1,68.21,BIOLABS,11
NA53,APA I (5 000u),R0114S,67.41,1,1,67.41,BIOLABS,11
NA53,AVA I (2 000u),R0152S,63.4,1,1,63.4,BIOLABS,11
NA53,AVA II (2 000u),R0153S,63.4,1,1,63.4,BIOLABS,11
NA53,BAM HI (10 000u) HF Haute Fidélité,R0136S,48.15,1,1,48.15,BIOLABS,11
NA53,BCL I (3 000u),R0160S,57.78,1,1,57.78,BIOLABS,11
NA53,BGL II (2 000u),R0144S,57.78,1,1,57.78,BIOLABS,11
NA53,BSM I (500u),R0134S,65.81,1,1,65.81,BIOLABS,11
NA53,CLA I (1 000u),R0197S,63.4,1,1,63.4,BIOLABS,11
NA53,DPN I (1 000u),R0176S,61.79,1,1,61.79,BIOLABS,11
NA53,ECO RI (10 000u) HF Haute Fidélité,R0101S,48.15,1,1,48.15,BIOLABS,11
NA53,ECO RV (4 000u) HF Haute Fidélité,R0195S,55.37,1,1,55.37,BIOLABS,11
NA53,HINC II (1 000u),R0103S,60.19,1,1,60.19,BIOLABS,11
NA53,HIND III (10 000u),R0104S,48.15,1,1,48.15,BIOLABS,11
NA53,HPA I (500u),R0105S,59.39,1,1,59.39,BIOLABS,11
NA53,KPN I (4 000u) HF Haute Fidélité,R0142S,58.58,1,1,58.58,BIOLABS,11
NA53,MLU I (1 000u) HF Haute Fidélité,R0198S,63.4,1,1,63.4,BIOLABS,11
NA53,NCO I (1 000u) HF Haute Fidélité,R0193S,60.19,1,1,60.19,BIOLABS,11
NA53,NDE I (4 000u),R0111S,63.4,1,1,63.4,BIOLABS,11
NA53,NHE I (1 000u) HF Haute Fidélité,R0131S,65.0,1,1,65.0,BIOLABS,11
NA53,NOT I (500u),R0189S,63.67,1,1,63.67,BIOLABS,11
NA53,NOT I (500u) HF Haute Fidélité,R3189S,63.67,1,1,63.67,BIOLABS,11
NA53,NRU I (1 000u) HF Haute Fidélité,R0192S,57.78,1,1,57.78,BIOLABS,11
NA53,PAC I (250u),R0547S,66.61,1,1,66.61,BIOLABS,11
NA53,PST I (10 000u),R0140S,61.79,1,1,61.79,BIOLABS,11
NA53,PST I (10 000u) HF Haute Fidélité,R3140S,61.79,1,1,61.79,BIOLABS,11
NA53,PVU I (500u) HF Haute Fidélité,R0150S,66.61,1,1,66.61,BIOLABS,11
NA53,PVU II (5 000u),R0151S,57.78,1,1,57.78,BIOLABS,11
NA53,SAC I (2 000u) HF Haute Fidélité,R0156S,57.78,1,1,57.78,BIOLABS,11
NA53,SAC II (2 000u),R0157S,60.19,1,1,60.19,BIOLABS,11
NA53,SAL I (2 000u) HF Haute Fidélité,R0138S,56.98,1,1,56.98,BIOLABS,11
NA53,SCA I (1 000u) HF Haute Fidélité,R0122S,63.4,1,1,63.4,BIOLABS,11
NA53,SMA I (2 000u),R0141S,56.18,1,1,56.18,BIOLABS,11
NA53,SPE I (500u) HF Haute Fidélité,R0133S,63.4,1,1,63.4,BIOLABS,11
NA53,SPH I (500u) HF Haute Fidélité,R0182S,61.79,1,1,61.79,BIOLABS,11
NA53,SSP I (1 000u) HF Haute Fidélité,R0132S,67.41,1,1,67.41,BIOLABS,11
NA53,XBA I (3 000u),R0145S,63.4,1,1,63.4,BIOLABS,11
NA53,XHO I (5 000u),R0146S,63.4,1,1,63.4,BIOLABS,11
NA53,XMA I (500u),R0180S,65.0,1,1,65.0,BIOLABS,11
NA53,XMN I (1 000u),R0194S,60.19,1,1,60.19,BIOLABS,11
NA55,dNTP set 100 mM/4x25 µmol,NU005,79.2,1,1,79.2,PROMEGA,12
NA55,PCR Nucléotide Mix 200 µl,NU008,34.2,1,1,34.2,ROCHE,12
NA55,100mM dNTP Set (4x25µmol),NU007,115.37,1,1,115.37,LIFE Technologie,12
NA31,1Kb PLUS DNA Ladder (250µg),PM001,166.68,1,1,166.68,LIFE Technologie,12
NA31,1Kb DNA Ladder (100µg ),N3232S,48.15,1,1,48.15,BIOLABS,12
NA31,100bp DNA Ladder (50µg ),N3231S,50.18,1,1,50.18,BIOLABS,12
NA31,"Blue Protein Standard, Broad Range (100rxns) Remplace P7706S",P7718S,151.89,1,1,151.89,BIOLABS,12
NA31,PageRuler PLUS Prestained Protein Ladder (10-250Kda) (2x250µl),PM017,151.59,1,1,151.59,réf THERMO 26619,12
NA31,PageRuler Prestained Protein Ladder (10-170Kda) (2x250µl),PM018,150.7,1,1,150.7,réf THERMO 26616,12
NA31,SeeBlue Plus2 Pre-Standard 500µl,PM008,211.97,1,1,211.97,LIFE Technologie,12
NA54,Recombinant Rnasin (2 500u),R001,80.79,1,1,80.79,PROMEGA,12
NA54,RNaseOUT Recombinant Ribonuclease Inhibitor (5 000u),R002,98.64,1,1,98.64,LIFE Technologie,12
NA54,"Rnase Inhibitor, Human placenta (2 000u)",M0307S,77.84,1,1,77.84,BIOLABS,12
NA71,"MEM (1X), liquid, avec Earles salts, avec Glutamax I, 500ml",RCC101,9.1,1,1,9.1,"Réf LIFE Technologie
41090028",13
NA71,"MEM (100X), liquid, sans L-Glutamine 100ml",RCC102,7.63,1,1,7.63,"Réf LIFE Technologie
11140035",13
NA71,"D-MEM (1X), liquid (High Glucose), avec Glutamax I, avec Sodium Pyrivate, 500ml",RCC111,8.09,1,1,8.09,"Réf LIFE Technologie
31966021",13
NA71,"D-MEM (1X), liquid (High Glucose), avec Glutamax I, sans Sodium Pyrivate, 500ml",RCC112,6.88,1,1,6.88,"Réf LIFE Technologie
61965026",13
NA71,"D-MEM (1X), liquid (High Glucose), avec L-Glutamine, 4,5g/L glucose avec Sodium Pyrivate,
500ml",RCC113,6.36,1,1,6.36,"Réf LIFE Technologie
41966029",13
NA71,"D-MEM (1X), liquid (High Glucose), avec L-Glutamine, 4,5g/L glucose sans Sodium Pyrivate,
500ml",RCC116,6.47,1,1,6.47,"Réf LIFE Technologie
41965039",13
NA71,"D-MEM (1X), liquid (Low Glucose), avec L-Glutamine, 1g/L glucose avec Sodium Pyrivate,
500ml",RCC114,6.35,1,1,6.35,"Réf LIFE Technologie
31885023",13
NA71,"D-MEM (1X), liquid (High Glucose), avec L-Glutamine, 4500mg/L D-glucose sans Sodium
Pyrivate, sans Rouge de phénol 500ml",RCC118,8.56,1,1,8.56,"Réf LIFE Technologie
21063029",13
NA71,"D-MEM/F-12 (1:1) (1X), liquid avec Glutamax, 500ml",RCC115,12.71,1,1,12.71,"Réf LIFE Technologie
31331028",13
NA71,"D-MEM/F-12 (1:1) (1X), liquid sans L-Glutamine, 500ml",RCC117,11.3,1,1,11.3,"Réf LIFE Technologie
21331020",13
NA71,"RPMI 1640 Medium (1X), liquid, avec L-Glutamine, 500ml",RCC121,5.23,1,1,5.23,"Réf LIFE Technologie
21875034",13
NA71,"RPMI 1640 Medium (1X), liquid, sans L-Glutamine, 500ml",RCC122,5.24,1,1,5.24,"Réf LIFE Technologie
31870025",13
NA71,"RPMI 1640 Medium (1X), liquid, avec Glutamax I, 500ml",RCC123,6.17,1,1,6.17,"Réf LIFE Technologie
61870010",13
NA71,"Opti-MEM (1X) avec Glutamax I, 2400mg/L … 500ml",RCC124,17.18,1,1,17.18,"Réf LIFE Technologie
51985026",13
NA26,"L-Glutamine 200mM (100X), liquid 100ml",RCC131,7.27,1,1,7.27,"Réf LIFE Technologie
25030024",13
NA71,"D-PBS (10X), liquid, sans Calcium, sans Magnésium, 500ml",RCC201,14.31,1,1,14.31,"Réf LIFE Technologie
14200067",13
NA71,"D-PBS (1X), liquid, sans Calcium, sans Magnésium, sans Phenol Red, 500ml",RCC202,5.15,1,1,5.15,"Réf LIFE Technologie
14190094",13
NA25,UltraPure Dnase/Rnase-Free Distilled Water 500ml,RCC211,5.94,1,1,5.94,"Réf LIFE Technologie
10977035",13
NA56,"Lipofectamine 2000 Transfection Reagent 1,5ml",RCC301,819.15,1,1,819.15,"Réf LIFE Technologie
11668019",14
NA56,"Lipofectamine 2000 Transfection Reagent 0,75ml",RCC302,525.52,1,1,525.52,"Réf LIFE Technologie
11668027",14
NA56,"Lipofectamine 3000 0,75ml",RCC308,614.3,1,1,614.3,"Réf LIFE Technologie
L3000008",14
NA56,"Lipofectamine RNAIMAX 0,75ml",RCC312,696.14,1,1,696.14,"Réf LIFE Technologie
13778075",14
NA56,Lipofectamine LTX 1ml,RCC313,797.62,1,1,797.62,"Réf LIFE Technologie
15338100",14
NA56,TurboFect Transfection Reagent 1ml,RCC307,255.25,1,1,255.25,Réf THERMO R0531,14
NA56,Oligofectamine Transfection Reagent 1ml,RCC304,680.06,1,1,680.06,"Réf LIFE Technologie
12252011",14
NA71,"FBS Fœtal Bovine Serum, Value FBS (Origin: Brazil) 500ml",RCC401,213.79,1,1,213.79,A5256701,14
NA76,"Penicillin-Streptomycin, liquid 100ml",RCC501,9.98,1,1,9.98,15140122,14
NA76,Ampicillin Sodium salt 1g,RCC502,4.49,1,1,4.49,EUROMEDEX,14
NA76,Ampicillin Sodium salt 10g,RCC504,20.06,1,1,20.06,EUROMEDEX,14
NA76,"GENETICIN Selective Antibiotic (G418 Sulfate) 50mg/ml, 20ml",RCC503,116.26,1,1,116.26,"Réf LIFE Technologie
10131035",14
NA76,ANTIBIOTIC ANTIMYCOTIC 100ml,RCC505,61.42,1,1,61.42,"Réf LIFE Technologie
15240062",14
NA78,"Trypsin-EDTA (1X) 0,05% (Trypsin with EDTA 4Na) Phenol Red 100ml",C0642,6.58,1,1,6.58,"Réf LIFE Technologie
25300054",14
NA78,"Trypsin-EDTA (1X) 0,25% Phenol Red 100ml",C0643,7.01,1,1,7.01,"Réf LIFE Technologie
25200056",14
NB03,SERINGUE STÉRILE 1ml TUBERCULINE Sans aiguille (x100),D0491,8.62,1,1,8.62,TERUMO,15
NB03,SERINGUE STÉRILE 3ml (x100),D0492,8.62,1,1,8.62,TERUMO,15
NB03,SERINGUE STÉRILE 5ml (x100),D04921,13.47,1,1,13.47,TERUMO,15
NB03,SERINGUE STÉRILE 10ml (x100),D0493,11.15,1,1,11.15,TERUMO,15
NB03,SERINGUE STÉRILE 20ml (x50),D04931,11.73,1,1,11.73,TERUMO,15
NB03,SERINGUE STÉRILE 50ml (x25),D0494,13.8,1,1,13.8,TERUMO,15
NB03,"AIGUILLE STÉRILE 18G 1,2x40mm Rose (x100)",D0498,3.1,1,1,3.1,BD,15
NB03,"AIGUILLE STÉRILE 20G 0,9x25mm Jaune (x100)",D0495A,3.1,1,1,3.1,BD,15
NB03,"AIGUILLE STÉRILE 21G 0,8x25mm Vert (x100)",D0497,3.1,1,1,3.1,BD,15
NB03,"AIGUILLE STÉRILE 23G 0,6x25mm Bleu (x100)",D0496,3.1,1,1,3.1,BD,15
NB03,"AIGUILLE STÉRILE 24G 0,55x25mm Bleu (x100) STERICAN",D0496A,2.28,1,1,2.28,BD,15
NB03,"AIGUILLE STÉRILE 26G 0,45x12mm Marron (x100)",D0495,6.19,1,1,6.19,BD,15
NB03,"AIGUILLE STÉRILE 27G ext 0,41x13 (1/2) mm Gris (x100)",D0495B,10.31,1,1,10.31,BD,15
NB03,"AIGUILLE STÉRILE 30G 0,3x13mm Beige (x100)",D0499,2.03,1,1,2.03,BD,15
NB51,MICRO-SPATULE DOUBLE 130mm,D050,6.36,1,1,6.36,,15
NB51,SPATULE DOUBLE Flexible 180mm,D051,10.94,1,1,10.94,,15
NB51,SPATULE DOUBLE Flexible 500mm,D051A,10.63,1,1,10.63,,15
NB51,SPATULE CUILLIÈRE 150mm,D052,15.74,1,1,15.74,,15
NB51,PINCE à DISSECTION DROITE 20cm Bout rond,D034,5.36,1,1,5.36,,15
NB51,"PINCE BRUCELLE DROITE 14,5cm Bout pointu",D035,3.85,1,1,3.85,,15
NB51,"PINCE BRUCELLE COURBEE 10,5cm Bout pointu",D036,12.57,1,1,12.57,,15
NB51,"PINCE BRUCELLE DROITE 10,5cm Bout pointu",D037,11.3,1,1,11.3,,15
NB51,"PINCE FINE DROITE 11cm Bout pointu ""DUMONT N°5""",D038,8.49,1,1,8.49,,15
NB51,"PINCE FINE COURBEE 11cm Bout pointu ""DUMONT N°7""",D039,14.22,1,1,14.22,,15
NB51,PINCE INOX pour FILTRES-MEMBRANES à bout plat,D039A,21.89,1,1,21.89,,15
NB51,PINCE en BOIS 250mm,D042,3.54,1,1,3.54,,15
NB51,CISEAUX à DISSECTION FIN COURBÉE 11cm Bout pointue,D009,7.93,1,1,7.93,,15
NB51,CISEAUX à DISSECTION COURBÉE 14cm Bout pointue/arrondie,D010,7.89,1,1,7.89,,15
NB51,CISEAUX à DISSECTION DROIT 14cm Bout pointue/pointue,D011,4.6,1,1,4.6,,15
NB51,CISEAUX à DISSECTION FIN DROIT 11cm Bout pointue,D012,6.54,1,1,6.54,,15
NB51,CISEAUX ULTRA-FINS DROIT 12cm Bout pointue/arrondie,D014,24.89,1,1,24.89,,15
NB51,CISEAUX ULTRA-FINS COURBÉE 12cm Bout pointue/pointue,D015,26.56,1,1,26.56,,15
KE12,MANCHE N°4 pour LAME N°23,D048,5.86,1,1,5.86,,15
KE12,MANCHE N°3 pour LAME N°11,D048A,4.96,1,1,4.96,,15
KE13,LAMES STÉRILES N°23 (Bte de 100),D049,8.01,1x100,100,0.0801,,15
KE13,LAMES STÉRILES N°11 (Bte de 100),D049B,8.03,1x100,100,0.0803,,15
KE13,SCALPELS JETABLES STÉRILES N°23,D046,4.39,1x10,10,0.439,,15
KE13,SCALPELS JETABLES STÉRILES N°11,D046A,4.39,1x10,10,0.439,,15
KE13,LAME GILETTE BLEUE EXTRA (x10),D047,4.42,1x10,10,0.442,,15
NB43,BECHER PMP Graduée 100ml,P001,1.99,1,1,1.99,FISHER,16
NB43,BECHER PMP Graduée 250ml,P002,3.02,1,1,3.02,FISHER,16
NB43,BECHER PMP Graduée 600ml,P003,5.56,1,1,5.56,FISHER,16
NB43,BECHER PMP Graduée 1000ml,P004,6.74,1,1,6.74,FISHER,16
NB43,BECHER PMP Graduée 2000ml,P005,19.09,1,1,19.09,FISHER,16
NB43,BECHER PMP Graduée 5000ml,P006,28.14,1,1,28.14,FISHER,16
NB43,ENTONNOIR HDPE Diam 80mm,P022,0.77,1,1,0.77,DUTSCHER,16
NB43,ENTONNOIR HDPE Diam 140mm,P023,2.09,1,1,2.09,DUTSCHER,16
NB43,ENTONNOIR HDPE Diam 180mm,P024,3.32,1,1,3.32,DUTSCHER,16
NB43,EPROUVETTE TPX Graduée 10ml,P025,1.07,1,1,1.07,DUTSCHER,16
NB43,EPROUVETTE TPX Graduée 25ml,P026,1.53,1,1,1.53,DUTSCHER,16
NB43,EPROUVETTE TPX Graduée 50ml,P027,2.14,1,1,2.14,DUTSCHER,16
NB43,EPROUVETTE TPX Graduée 100ml,P028,3.22,1,1,3.22,DUTSCHER,16
NB43,EPROUVETTE TPX Graduée 250ml,P029,7.54,1,1,7.54,DUTSCHER,16
NB43,EPROUVETTE TPX Graduée 500ml,P030,9.15,1,1,9.15,DUTSCHER,16
NB43,EPROUVETTE TPX Graduée 1L,P031,12.84,1,1,12.84,DUTSCHER,16
NB43,EPROUVETTE TPX Graduée 2L,P032,43.28,1,1,43.28,DUTSCHER,16
NB43,RESERVOIR à REACTIFS 50ml STERILE CLEARLINE (x100),P152,51.84,1x100,100,0.5184,CLEARLINE,16
NB35,NACELLES de PESÉE Carrée 44x44mm (x250),D024C,9.48,1x250,250,0.03792,FISHER,16
NB35,NACELLES de PESÉE Carrée 84x84mm (x250),D025C,16.91,1x250,250,0.06764,FISHER,16
NB35,NACELLES de PESÉE Carrée 140x140mm (x250),D025D,19.58,1x250,250,0.07832,FISHER,16
NB51,BONBONNE en Polyéthylène 10 litres avec robinet,P008,28.19,1,1,28.19,VWR,16
NB51,BONBONNE en Polyéthylène 30 litres avec robinet,P009,59.2,1,1,59.2,VWR,16
NB51,FLACON COMPTE-GOUTTE 15ml (Pour huile à immersion),EA134,1.48,1,1,1.48,DUTSCHER,16
NB51,FLACON VAPORISATEUR 500ml,P067A,5.69,1,1,5.69,FISHER,16
BB02,CUVETTE PLASTIQUE CARREE 2L HDPE,E021A,4.98,1,1,4.98,,16
BB02,"CUVETTE PLASTIQUE CARREE 4,5L",E021,7.52,1,1,7.52,,16
BB02,CUVETTE PLASTIQUE CARREE 7L,E022,12.36,1,1,12.36,,16
BB02,CUVETTE PLASTIQUE CARREE 12L,E023,15.54,1,1,15.54,,16
BB02,CUVETTE PLASTIQUE CARREE 30L,E024,61.67,1,1,61.67,,16
BB02,CUVETTE PLASTIQUE CARREE 45L,E025,48.41,1,1,48.41,,16
BB02,SEAU PLASTIQUE 14L,E064,5.4,1,1,5.4,,16
NB43,PISSETTE 125ml,P064A,1.77,1,1,1.77,VWR,16
NB43,PISSETTE Col large 250ml Jaune,P065A,2.82,1,1,2.82,VWR,16
NB43,PISSETTE Col large 500ml Rouge,P066A,3.06,1,1,3.06,VWR,16
NB43,PISSETTE Col large 1000ml Bleue,P067,5.48,1,1,5.48,DUTSCHER,16
NB43,BOITE à STÉRILISER (Pipette en verre) 295x65x65mm,D130,72.04,1,1,72.04,,16
NB01,"MICROPIPETTE ""EPPENDORF"" Research PLUS 0,1-2,5µl",EA051,276.51,1,1,276.51,EPPENDORF,17
NB01,"MICROPIPETTE ""EPPENDORF"" Research PLUS 0,5-10µl",EA052,276.51,1,1,276.51,EPPENDORF,17
NB01,"MICROPIPETTE ""EPPENDORF"" Research PLUS 2-20µl",EA053,276.51,1,1,276.51,EPPENDORF,17
NB01,"MICROPIPETTE ""EPPENDORF"" Research PLUS 10-100µl",EA054,276.51,1,1,276.51,EPPENDORF,17
NB01,"MICROPIPETTE ""EPPENDORF"" Research PLUS 20-200µl",EA055,276.51,1,1,276.51,EPPENDORF,17
NB01,"MICROPIPETTE ""EPPENDORF"" Research PLUS 100-1000µl",EA056,276.51,1,1,276.51,EPPENDORF,17
NB01,"MICROPIPETTE ""EPPENDORF"" Research PLUS 500-5000µl",EA057,276.51,1,1,276.51,EPPENDORF,17
NB01,"MICROPIPETTE ""GILSON"" PIPETMAN L P2",P037,243.96,1,1,243.96,GILSON,17
NB01,"MICROPIPETTE ""GILSON"" PIPETMAN L P10",P038,243.96,1,1,243.96,GILSON,17
NB01,"MICROPIPETTE ""GILSON"" PIPETMAN L P20",P039A,243.96,1,1,243.96,GILSON,17
NB01,"MICROPIPETTE ""GILSON"" PIPETMAN L P200",P040A,243.96,1,1,243.96,GILSON,17
NB01,"MICROPIPETTE ""GILSON"" PIPETMAN L P1000",P041,243.96,1,1,243.96,GILSON,17
NB01,"MICROPIPETTE ""GILSON"" PIPETMAN L P5000",P042,270.43,1,1,270.43,GILSON,17
NB01,Kit Maintenance Pipetman P2. Joint torique/Embout Porte-cône GILSON,P0421,43.84,1,1,43.84,GILSON,17
NB01,Kit Maintenance Pipetman P10. Joint torique/Embout Porte-cône GILSON,P0422,45.7,1,1,45.7,GILSON,17
NB01,Kit Maintenance Pipetman P20. Joint torique/Embout Porte-cône GILSON,P043,29.84,1,1,29.84,GILSON,17
NB01,Kit Maintenance Pipetman P200. Joint torique/Embout Porte-cône GILSON,P044,29.84,1,1,29.84,GILSON,17
NB01,Kit Maintenance Pipetman P1000. Joint torique/Embout Porte-cône GILSON,P045,29.84,1,1,29.84,GILSON,17
NB01,Kit Maintenance Pipetman P5000. Joint torique/Embout Porte-cône GILSON,P046,39.16,1,1,39.16,GILSON,17
NB51,"PIPETTEUR MANUEL à mollette ""PIPETTE PUMP"" 2ml",P061,14.88,1,1,14.88,,17
NB51,"PIPETTEUR MANUEL à mollette ""PIPETTE PUMP"" 10ml",P062,15.5,1,1,15.5,,17
NB51,"PIPETTEUR MANUEL à mollette ""PIPETTE PUMP"" 25ml",P063,21.14,1,1,21.14,,17
NB12,"BOITE de STOCKAGE pour microtubes 1,5 et 2ml, avec couvercle",D0071,4.33,1,1,4.33,,17
NB12,"PORTOIR DOUBLE FACE pour micro-tubes 0,5ml ou 1,5 et 2ml",D0072,5.78,1,1,5.78,,17
NB12,"BOITE CONGÉLATION en carton 133x133mm, H 50mm, avec séparateur 9x9",D0073,5.66,1,1,5.66,,17
NB12,"CRYOBOITE SYSTEM 100 (132x132mm), pr 100 Cryotubes 1 ou 1,2ml jusqu'à -196°",D0074,6.74,1,1,6.74,THERMO,17
NB51,MINUTEUR/DECOMPTEUR (TIMER) de poche,EA135,21.69,1,1,21.69,,17
NB51,"THERMOMETRE MURALE en plastique, thermomural (-30° / +50°)",EA136,2.17,1,1,2.17,,17
NB51,THERMOMETRE Réfrigérateur (-50° / +50°),EA136A,5.87,1,1,5.87,,17
NB51,TUYAU PVC CLAIR Diam 2x4mm,D059,0.51,1,1,0.51,NALGENE,18
NB51,TUYAU PVC CLAIR Diam 4x7mm,D061,1.41,1,1,1.41,NALGENE,18
NB51,TUYAU PVC CLAIR Diam 6x9mm,D062,0.96,1,1,0.96,NALGENE,18
NB51,TUYAU PVC CLAIR Diam 7x10mm,D063,2.96,1,1,2.96,NALGENE,18
NB51,TUYAU PVC CLAIR Diam 8x11mm,D064,3.3,1,1,3.3,NALGENE,18
NB51,TUYAU PVC CLAIR Diam 10x14mm,D065,1.82,1,1,1.82,NALGENE,18
NB51,TUYAU PVC CLAIR Diam 12x17mm,D066,2.05,1,1,2.05,NALGENE,18
NB51,TUYAU PVC CLAIR Diam 15x20mm,D067,5.03,1,1,5.03,NALGENE,18
NB51,TUYAU PVC CLAIR Diam 20x26mm,D0671,6.77,1,1,6.77,NALGENE,18
NB51,"TUYAU PVC ARMÉ Diam 6,4x11,2mm",D068,0.89,1,1,0.89,NALGENE,18
NB51,"TUYAU PVC ARMÉ Diam 7,9x12,7mm",D069,3.21,1,1,3.21,NALGENE,18
NB51,"TUYAU PVC ARMÉ Diam 9,5x14,3mm",D070,3.57,1,1,3.57,NALGENE,18
NB51,"TUYAU PVC ARMÉ Diam 12,7x19,1mm",D071,4.71,1,1,4.71,NALGENE,18
NB51,"TUYAU PVC ARMÉ Diam 15,9x22,3mm",D072,7.35,1,1,7.35,NALGENE,18
NB51,"TUYAU PVC ARMÉ Diam 19x25,4",D0721,8.28,1,1,8.28,NALGENE,18
NB51,TUYAU SILICONE Diam 3x5mm,D087,0.9,1,1,0.9,NALGENE,18
NB51,TUYAU SILICONE Diam 4x6mm,D088,1.09,1,1,1.09,NALGENE,18
NB51,TUYAU SILICONE Diam 6x10mm,D090,3.0,1,1,3.0,NALGENE,18
NB51,TUYAU SILICONE Diam 8x14mm,D091,2.73,1,1,2.73,NALGENE,18
NB51,TUYAU SILICONE Diam10x14mm,D092,4.07,1,1,4.07,NALGENE,18
NB51,"TUYAU SILICONE Diam 12x15,5mm",D093,3.76,1,1,3.76,NALGENE,18
NB51,TUYAU SILICONE Diam 15x21mm,D094,8.11,1,1,8.11,NALGENE,18
NB51,TUYAU SILICONE Diam 20x27mm,D0941,11.58,1,1,11.58,NALGENE,18
NB51,BARREAUX D'AGITATION MAGNÉTIQUE 15x8mm,D001,1.02,1,1,1.02,FISHERBRAND,18
NB51,BARREAUX D'AGITATION MAGNÉTIQUE 25x6mm,D002,0.77,1,1,0.77,FISHERBRAND,18
NB51,BARREAUX D'AGITATION MAGNÉTIQUE 40x8mm,D003,1.16,1,1,1.16,FISHERBRAND,18
NB51,BARREAUX D'AGITATION MAGNÉTIQUE 60x10mm,D004,1.55,1,1,1.55,FISHERBRAND,18
NB51,BARREAUX D'AGITATION MAGNÉTIQUE 70x10mm,D005,1.98,1,1,1.98,FISHERBRAND,18
NB51,BRÛLEUR BUNSEN sans cartouche,D018,44.73,1,1,44.73,,18
NB35,CARTOUCHE BUTANE CV 300 PLUS,D008A,6.46,1,1,6.46,,18
NB35,CARTOUCHE BUTANE C206,D008,3.57,1,1,3.57,,18
NB35,CARTOUCHE USBECK 1430,D008B,13.35,1,1,13.35,,18
MA45,LAMPE MERCURE HBO 103W,D127,96.3,1,1,96.3,OSRAM,19
MA45,LAMPE XENOPHOT 12V 100W (64625),D129,4.82,1,1,4.82,OSRAM,19
MA45,LAMPE MERCURE HXP R 120W/45C VIS,D132,481.5,1,1,481.5,OSRAM,19
MA45,"LAMPE PHOTO OPTIQUE 12V 100W GZ6,35 (64637)",D133,16.05,1,1,16.05,OSRAM,19
MA45,LAMPE 6V 35W (64275),D136,5.35,1,1,5.35,OSRAM,19
MA45,LAMPE 6V 20W GZ4 USHIO JCR/M (220533),D158,26.75,1,1,26.75,,19
MA45,LAMPE 8V 20W G4 (64255),D137,17.12,1,1,17.12,OSRAM,19
MA45,LAMPE X-CITE 120W,D150,802.5,1,1,802.5,LUMEN DYNAMICS,19
MA45,LAMPE 21V 150W EKE,D151,16.05,1,1,16.05,,19
MA45,LAMPE 24V 250W ELC (64653),D152,13.91,1,1,13.91,OSRAM,19
MA45,LAMPE 15V 150W (64634),D157,8.56,1,1,8.56,OSRAM,19
MA45,LAMPE 6V 30W PHILIPS (5761),D159,14.45,1,1,14.45,OSRAM,19
NB32,HUILE à IMMERSION ZEISS Immersol 518F 100ml,D100,190.09,1,1,190.09,ZEISS,19
NB32,HUILE à IMMERSION ZEISS Immersol 518F Burette 20ml,D101,53.5,1,1,53.5,ZEISS,19
NB32,HUILE à IMMERSION ZEISS Immersol 518F/37° 20ml,D100A,174.41,1,1,174.41,ZEISS,19
NB16,"LAMELLE RONDE Couvre objet Ø 12mm Epaisseur #1,5",D102A,13.32,1x200,200,0.0666,KNITTEL GLASS,19
NB16,"LAMELLE RONDE Couvre objet Ø 18mm Epaisseur #1,5",D103A,20.26,1x200,200,0.1013,VWR,19
NB16,LAMELLE RONDE Couvre objet Ø 22mm Epaisseur #1,D108,19.48,1x200,200,0.0974,MENZEL GLÄSER,19
NB16,LAMELLE RONDE Couvre objet Ø 32mm Epaisseur #1,D110,7.7,1x100,100,0.077,MENZEL GLASER,19
NB16,"LAMELLE RONDE Couvre objet Ø 30mm, Epaisseur #1,5",D110A,11.5,1x100,100,0.115,EPREDIA (MENZEL),19
NB16,"LAMELLES Couvre-objets 18x18mm, Epaisseur #1,5",D104A,4.32,1x200,200,0.0216,VWR,19
NB16,"LAMELLES Couvre-objets 22x22mm, Epaisseur #1,5",D105A,6.41,1x200,200,0.03205,VWR,19
NB16,"LAMELLES Couvre-objets 24x50mm, Epaisseur #1,5",D109,15.62,1x200,200,0.0781,LEICA,19
NB16,"LAMELLES Couvre-objets 24x60mm, Epaisseur #1",D107,15.62,1x200,200,0.0781,VWR,19
NB16,"LAME SUPERFROST Bords bruts, marge dépolie blanche 76x26mm",D112,3.36,1x50,50,0.0672,THERMO SCIENTIFIC,19
NB16,LAME SUPERFROST PLUS 76x26mm Bords rodés 90°,D116,14.87,1x72,72,0.206528,THERMO SCIENTIFIC,19
NB35,PLATEAU PORTE-LAMES en CARTON pour 20 Lames standard 75x25mm,D117,3.17,1,1,3.17,FISHER,19
NB35,BOITE pour LAMES de Microscopie en Polypropylène pour 100 Lames 76x26mm,D118,5.07,1,1,5.07,BIOSIGMA,19
NB35,BOITE pour LAMES de Microscopie en BOIS pour 100 Lames - 76x26mm,D119,26.08,1,1,26.08,,19
NB14,"BOITE de PÉTRI ""GREINER"" 35x10mm avec ergots (x740)",P007,106.82,1,1,106.82,GREINER,20
NB14,"BOITE de PÉTRI ""GOSSELIN"" 55x14,2mm avec 6 ergots (x1620)",P00621,90.48,1,1,90.48,GOSSELIN,20
NB14,"BOITE de PÉTRI ""GOSSELIN"" PS 90x14,2mm, 3 ergots (x825)",P0071,47.49,1,1,47.49,GOSSELIN,20
NB14,"BOITE de PÉTRI ""GREINER"" 94x14mm avec ergots (x480)",P007A,37.24,1,1,37.24,GREINER,20
NB13,COUNTESS Cell Counting Chamber SLIDE (x50) 10µl/Chamber - 2 Chamber/slide,P0701,107.26,1x50,50,2.1452,LIFE Technologie,20
NB13,"BOITE de PETRI de CULTURE ""TPP"" Diam 40x11mm (x20)",P0061,4.96,1x20,20,0.248,TPP,20
NB13,"BOITE de PETRI de CULTURE ""TPP"" Diam 60x15mm (x14)",P0062,3.64,1x14,14,0.26,TPP,20
NB13,"BOITE de PETRI de CULTURE ""TPP"" Diam 96x20mm (x10)",T93100,4.42,1x10,10,0.442,TPP,20
NB13,"BOITE de PETRI de CULTURE ""TPP"" Diam 146x20mm (x5)",T93150,6.37,1x5,5,1.274,TPP,20
NB13,BOITE de PETRI IBIDI Ø 35mm FOND LAMELLE 1.5 ( 2ml volume) Traité/Stérile,P0063,44.15,1x10,10,4.415,IBIDI,20
NB13,PLAQUES de CULTURE SPL 6 Puits,P0674N,0.85,1,1,0.85,SPL,20
NB13,PLAQUES de CULTURE SPL 12 Puits,P0676N,0.85,1,1,0.85,SPL,20
NB13,PLAQUES de CULTURE SPL 24 Puits,P0677N,0.88,1,1,0.88,SPL,20
NB13,PLAQUES de CULTURE SPL 96 Puits,P06771N,0.87,1,1,0.87,SPL,20
NB13,PLAQUES de CULTURE SPL 96 Puits FOND ROND,P06771R,0.95,1,1,0.95,SPL,20
NB13,"BOITES de CULTURE ""NUNC"" 4 Puits (x4)",P0675N,5.03,1x4,4,1.2575,NUNC,20
NB13,"PLAQUES de CULTURE ""NUNC"" 48 Puits",P0678,1.71,1,1,1.71,NUNC,20
NB13,"PLAQUES de CULTURE ""TPP"" 6 Puits",P0675,1.71,1,1,1.71,TPP,20
NB13,"PLAQUES de CULTURE ""TPP"" 12 Puits",P0676,1.71,1,1,1.71,TPP,20
NB13,"PLAQUES de CULTURE ""TPP"" 24 Puits",P0677,1.71,1,1,1.71,TPP,20
NB13,"PLAQUES de CULTURE ""TPP"" 96 Puits",P06771,1.58,1,1,1.58,TPP,20
NB13,"FLACONS de CULTURE ""SPL"" CAP filtrant, 25cm2 (x10)",P0651F,3.85,1x10,10,0.385,SPL,21
NB13,"FLACONS de CULTURE ""SPL"" CAP filtrant, 75cm2 (x5)",P0652F,3.73,1x5,5,0.746,SPL,21
NB13,"FLACONS de CULTURE ""SPL"" CAP filtrant, 175cm2 (x5)",P0653F,7.47,1x5,5,1.494,SPL,21
NB13,"FLACONS de CULTURE ""NUNC"" TRIPLE FLASK CAP Filtrant 380ml - 500cm2 (x1)",P0455F,4.75,1,1,4.75,NUNC,21
NB13,"FLACONS de CULTURE ""TPP"" CAP 2 positions, 25cm2 (x10)",P0351,6.74,1x10,10,0.674,TPP,21
NB13,"FLACONS de CULTURE ""TPP"" CAP 2 positions, 75cm2 (x5)",P0352,6.43,1x5,5,1.286,TPP,21
NB13,"FLACONS de CULTURE ""TPP"" CAP 2 positions, 150cm2 (x3)",P0353,8.28,1x3,3,2.76,TPP,21
NB13,"FLACONS de CULTURE ""TPP"" CAP filtrant, 25cm2 (x10)",P0351F,7.18,1x10,10,0.718,TPP,21
NB13,"FLACONS de CULTURE ""TPP"" CAP filtrant, 75cm2 (x5)",P0352F,6.77,1x5,5,1.354,TPP,21
NB13,"FLACONS de CULTURE ""TPP"" CAP filtrant, 150cm2 (x3)",P0353F,8.7,1x3,3,2.9,TPP,21
NB13,"GRATTOIR de CELLULES Stérile ""TPP"" Long 24cm - Lame 12mm",D121,1.36,1,1,1.36,TPP,21
NB13,"GRATTOIR de CELLULES Stérile ""TPP"" Long 30cm - Lame 20mm",D122,1.55,1,1,1.55,TPP,21
NB13,"GRATTOIR de CELLULES Stérile ""TPP"" Long 38cm - Lame 25mm",D123,2.11,1,1,2.11,TPP,21
NB13,"GRATTOIR de CELLULES Standard, Stérile, Long 18cm - Lame 18mm",D121A,0.37,1,1,0.37,DUTSCHER,21
NB13,"GRATTOIR de CELLULES Standard, Stérile, Long 25cm - Lame 18mm",D122A,0.24,1,1,0.24,DUTSCHER,21
NB02,"POINTES sans filtre ""GILSON"" D10 0,1-10µl",P021,45.94,10x96,960,0.047854,GILSON,22
NB02,"POINTES sans filtre ""GILSON"" D200 2-200µl",P0190,38.81,10x96,960,0.040427,GILSON,22
NB02,"POINTES sans filtre ""GILSON"" D1000 200-1000µl",P0171,41.17,10x96,960,0.042885,GILSON,22
NB02,"POINTES sans filtre ""GILSON"" 5000µl sur portoir",P1500,8.97,1x50,50,0.1794,GILSON,22
NB02,POINTES LONGUES CRISTAL GEL LOADING 1-200µl (Vrac x1000),P1200A,47.08,1x1000,1000,0.04708,FISHERBRAND,22
NB02,POINTES LONGUES CRISTAL GEL LOADING 1-200µl (Rack x204),P1200G,13.95,1x204,204,0.068382,UGAP,22
NB02,"POINTES sans filtre ""CLEARLINE"" sur recharge, transp graduée 10µl",P0807,30.71,10x96,960,0.03199,CLEARLINE,22
NB02,"POINTES sans filtre ""CLEARLINE"" sur recharge, jaune, graduée 200µl",P0808,30.43,10x96,960,0.031698,CLEARLINE,22
NB02,"POINTES sans filtre ""CLEARLINE"" sur recharge, transp, graduée 1000µl",P0809,31.63,8x96,768,0.041185,CLEARLINE,22
NB02,"POINTES sans filtre ""CLEARLINE"" sur recharge, transp, graduée 1250µl",P0810,32.21,8x96,768,0.04194,CLEARLINE,22
NB02,"POINTES ""STARLAB"" sur recharge, transp 0,1-10µl",P0802,28.02,10x96,960,0.029187,STAR LAB,22
NB02,"POINTES ""STARLAB"" sur recharge, jaunes biseautées 1-200µl",P0804,25.43,10x96,960,0.02649,STAR LAB,22
NB02,"POINTES ""STARLAB"" sur recharge,bleues graduées 100-1000µl",P0805,33.07,10x96,960,0.034448,STAR LAB,22
NB02,"POINTES ""STARLAB"" sur recharge,bleues graduées 100-1250µl",P0806,31.95,10x96,960,0.033281,STAR LAB,22
NB02,"POINTES sans filtre ""STARLAB"" sur rack, transp 0,1-10µl",P0812,37.46,10x96,960,0.039021,STAR LAB,22
NB02,"POINTES sans filtre ""STARLAB"" sur rack, jaunes biseautées 1-200µl",P0814,33.87,10x96,960,0.035281,STAR LAB,22
NB02,"POINTES sans filtre ""STARLAB"" sur rack, bleues graduées 100-1000µl",P0815,49.86,10x96,960,0.051937,STAR LAB,22
NB02,"POINTES sans filtre ""STARLAB"" sur rack, transp graduées 100-1250µl",P0816,52.53,10x96,960,0.054719,STAR LAB,22
NB05,"COMBITIPS PLUS 0,2ml non stérile (Incrément mini 2µl, max 40µl)",P139,104.77,1x100,100,1.0477,EPPENDORF,22
NB05,"COMBITIPS PLUS 0,5ml non stérile (Incrément mini 5µl, max 100µl)",P140,104.77,1x100,100,1.0477,EPPENDORF,22
NB05,"COMBITIPS PLUS 1ml non stérile (Incrément mini 10µl, max 200µl)",P141,104.77,1x100,100,1.0477,EPPENDORF,22
NB05,"COMBITIPS PLUS 2,5ml non stérile (Incrément mini 25µl, max 500µl)",P142,104.77,1x100,100,1.0477,EPPENDORF,22
NB05,"COMBITIPS PLUS 5ml non stérile (Incrément mini 50µl, max 1000µl)",P143,104.77,1x100,100,1.0477,EPPENDORF,22
NB05,"COMBITIPS PLUS 10ml non stérile (Incrément mini 100µl, max 2000µl)",P144,104.77,1x100,100,1.0477,EPPENDORF,22
NB02,"POINTES à FILTRE ""ART"" Low Retention 0,1-10µl Reach",P110R,42.47,10x96,960,0.04424,ART,22
NB02,"POINTES à FILTRE ""ART"" Low Retention 0,5-20µl",P120,44.3,10x96,960,0.046146,ART,22
NB02,"POINTES à FILTRE ""ART"" Low Retention 1-100µl",P1100,41.75,10x96,960,0.04349,ART,22
NB02,"POINTES à FILTRE ""ART"" Low Retention 1-200µl",P1200,41.25,10x96,960,0.042969,ART,22
NB02,"POINTES à FILTRE ""ART"" Low Retention 100-1000µl",P1000,51.48,8x100,800,0.06435,ART,22
NB02,"POINTES à FILTRE ""ART"" Low Retention 100-1000µl Reach",P1000R,47.94,8x100,800,0.059925,ART,22
NB02,"POINTES à FILTRE ""CLEARLINE"" Low Binding 10µl XL Reach",P018,47.76,10x96,960,0.04975,CLEARLINE,22
NB02,"POINTES à FILTRE ""CLEARLINE"" Low Binding 20µl",P019,47.41,10x96,960,0.049385,CLEARLINE,22
NB02,"POINTES à FILTRE ""CLEARLINE"" Low Binding 100µl",P0181,46.95,10x96,960,0.048906,CLEARLINE,22
NB02,"POINTES à FILTRE ""CLEARLINE"" Low Binding 200µl",P020,46.95,10x96,960,0.048906,CLEARLINE,22
NB02,"POINTES à FILTRE ""CLEARLINE"" Low Binding 1250µl",P0202,48.86,8x96,768,0.06362,CLEARLINE,22
NB02,"POINTES à FILTRE 20-100-200µl ""CLEARLINE Multiguard 3"" Low Binding",P133,47.25,1x960,960,0.049219,CLEARLINE,22
NB15,LightCycler 480 Multiwell plate 384 (plaques) (1x10),P0705,63.45,1,1,63.45,ROCHE,23
NB15,LightCycler 480 Multiwell plate 96 (plaques) (1x10),P0707,57.27,1,1,57.27,ROCHE,23
NB15,LightCycler 480 sealing foil Feuilles adhésives (1x50),P0706,79.51,1,1,79.51,ROCHE,23
NB02,EpTIPS Motion RELOAD 1-50µl à filtre - (2x96),P150F,37.4,2x96,192,0.194792,EPPENDORF,23
NB02,"EpTIPS Motion RELOAD 0,2-10µl à filtre - (2x96)",P151F,37.4,2x96,192,0.194792,EPPENDORF,23
NB17,Réservoir epMotion 30ml - Qualité PCR clean (x5),P151,13.3,1,1,13.3,EPPENDORF,23
NB04,"PIPETTE STÉRILE ""FALCON"" 1ml (x1000)",P056,71.06,1,1,71.06,FALCON,24
NB04,"PIPETTE STÉRILE ""FALCON"" 2ml (x1000)",P057,77.58,1,1,77.58,FALCON,24
NB04,"PIPETTE STÉRILE ""FALCON"" 5ml (x200)",P058,20.14,1,1,20.14,FALCON,24
NB04,"PIPETTE STÉRILE ""FALCON"" 10ml (x200)",P059,21.33,1,1,21.33,FALCON,24
NB04,"PIPETTE STÉRILE ""FALCON"" 25ml (x200)",P060,44.07,1,1,44.07,FALCON,24
NB04,"PIPETTE STÉRILE ""FALCON"" 50ml (x100)",P079,67.04,1,1,67.04,FALCON,24
NB04,"PIPETTE STÉRILE ""FALCON"" 100ml (x50)",P060B,98.35,1,1,98.35,FALCON,24
NB04,"PIPETTE de TRANSFERT 3ml Graduée, stérile (Emb/10)",P0601,0.95,1x10,10,0.095,DUTSCHER,24
NB04,"PIPETTE de TRANSFERT 5ml Graduée, stérile (Emb/10)",P0602,0.87,1x500,500,0.00174,DUTSCHER,24
NB04,"PIPETTE de TRANSFERT 7ml Graduée, stérile (Emb/10)",P0603,0.92,1x500,500,0.00184,DUTSCHER,24
NB11,"TUBE de CULTURE ""FALCON"" PP Fond rond 5ml (Embal/25) (2063)",P074,79.88,1x500,500,0.15976,FALCON,24
NB11,"TUBE de CULTURE ""GREINER"" PP Fond rond 5ml (Embal/Unitaire)",P0741,168.72,1x1000,1000,0.16872,GREINER,24
NB11,"TUBE ""FALCON"" PP Fond rond 14ml (Embal/25) (2059)",P075,80.06,1x500,500,0.16012,FALCON,24
NB11,"TUBE ""GREINER"" PP Fond rond 14ml (Embal/25)",P0751,152.58,1x1000,1000,0.15258,GREINER,24
NB11,"TUBE à CENTRIFUGER ""FALCON"" 15ml sur RACK (2097)",P077,59.9,1x500,500,0.1198,FALCON,24
NB11,"TUBE à CENTRIFUGER ""FALCON"" 15ml En VRAC (2096)",P0771,52.73,1x500,500,0.10546,FALCON,24
NB11,"TUBE à CENTRIFUGER ""FALCON"" 50ml sur RACK (2098)",P078,65.16,1x500,500,0.13032,FALCON,24
NB11,"TUBE à CENTRIFUGER ""FALCON"" 50ml En VRAC (2070)",P0782,52.72,1x500,500,0.10544,FALCON,24
NB11,"TUBE à CENTRIFUGER ""CORNING"" 15ml PP sur RACK",P097,70.93,1x500,500,0.14186,CORNING,24
NB11,"TUBE à CENTRIFUGER ""CORNING"" 50ml PP sur RACK",P098,72.06,1x500,500,0.14412,CORNING,24
NB11,"TUBE à Hémolyse PS 5ml, 13x75mm, non bouché, non stérile (x500)",P072,9.18,1x500,500,0.01836,,24
NB11,CRYOTUBE SIMPORT 2ml (Cryovials) Fond rond à jupe,P021211,12.49,1x100,100,0.1249,ALEATOIRE,25
NB11,CAP INSERTS pour CRYOTUBE SIMPORT (Inserts de couleurs),P021221,2.51,1x100,100,0.0251,SIMPORT,25
NB11,"MICROTUBE ""EPPENDORF"" 0,5ml Safe-Lock",P048A,44.73,1x500,500,0.08946,EPPENDORF,25
NB11,"MICROTUBE ""EPPENDORF"" 1,5ml Safe-Lock",P047,45.26,1x1000,1000,0.04526,EPPENDORF,25
NB11,"MICROTUBE ""EPPENDORF"" 2ml Safe-Lock",P048B,61.74,1x1000,1000,0.06174,EPPENDORF,25
NB11,"TUBES ""EPPENDORF"" 5ml Safe-Lock",P049,44.46,1x200,200,0.2223,EPPENDORF,25
NB11,"MICROTUBE ""EPPENDORF"" PCR CLEAN 0,5ml Safe-Lock, Rnase - DNase free",P046C,54.27,1x500,500,0.10854,EPPENDORF,25
NB11,"MICROTUBE ""EPPENDORF"" PCR CLEAN 1,5ml Safe-Lock, Rnase - DNase free",P047C,54.44,1x1000,1000,0.05444,EPPENDORF,25
NB11,"MICROTUBE ""EPPENDORF"" PCR CLEAN 2ml Safe-Lock, Rnase - DNase free",P048C,73.8,1x1000,1000,0.0738,EPPENDORF,25
NB11,"TUBES ""EPPENDORF"" PCR CLEAN 5ml Safe-Lock, Rnase - DNase free",P049C,49.84,1x200,200,0.2492,EPPENDORF,25
NB11,"MICROTUBE ""EPPENDORF"" PROTEIN LoBIND PCR CLEAN 1,5ml Safe-Lock",P047PROT,55.0,1x500,500,0.11,EPPENDORF,25
NB11,"MICROTUBE ""EPPENDORF"" DNA LoBIND PCR CLEAN 1,5ml Safe-Lock",P047DNA,16.17,1x250,250,0.06468,EPPENDORF,25
NB11,"MICROTUBE ""SIGMA/BRAND"" 1,5ml Safety-Lock, sans Dnase, sans Rnase",P047S,40.48,1x1000,1000,0.04048,SIGMA/BRAND,25
NB11,"MICROTUBE ""FISHERBRAND"" 0,5ml Safety-Lock, Rnase/Dnase Free, 30 000g",P046CL,7.38,1x500,500,0.01476,FISHERBRAND,25
NB11,"MICROTUBE ""FISHERBRAND"" 1,5ml Safety-Lock, Rnase/Dnase Free, 30 000g",P047CL,8.16,1x500,500,0.01632,FISHERBRAND,25
NB11,"MICROTUBE ""FISHERBRAND"" 2ml Safety-Lock, Rnase/Dnase Free, 30 000g",P048CL,8.27,1x500,500,0.01654,FISHERBRAND,25
NB11,"MICROTUBE ""TREFF"" 1,5ml EasyFit",P050,16.79,1x1000,1000,0.01679,TREFF,25
NB11,"MICROTUBE ""AXYGEN"" Maxi clear naturel 0,6ml RNase DNase free",P052,12.67,1x250,250,0.05068,AXYGEN,25
NB11,"MICROTUBE ""AXYGEN"" Maxi clear naturel 1,7ml RNase DNase free",P051,7.1,1x250,250,0.0284,AXYGEN,25
NB17,CUVE pour SPECTROPHOTOMETRIE Micro PS 2ml,P0361,5.83,1x100,100,0.0583,,25
NB17,"CUVETTES d'ELECTROPORATION 2mm Emb individuel stérile, électrodes courtes",D0191,10.34,1x5,5,2.068,,25
NB11,"MICROPLAQUE PCR 96 puits ""AXYGEN"" Nonpyrogenic & Rnase/Dnase Free",P082,24.31,1x10,10,2.431,AXYGEN,25
NB11,"MICROTUBE en BARETTE (x8) ""AXYGEN"" PCR 0,2ml CAP dômé (x125)",P0484,44.3,1x125,125,0.3544,AXYGEN,25
NB11,"MICROTUBE en BARETTE (x8) ""ABGENE - AB0266"" PCR 0,2ml CAP dômé (x250)",P0485,85.69,1x250,250,0.34276,ABGENE,25
NB11,"MICROTUBE ""THERMO"" Spécial PCR 0,2ml Nonpyrogenic & Rnase/Dnase Free",P0483,36.17,1x1000,1000,0.03617,THERMO,25
NB11,"MICROTUBE ""THERMO"" Spécial PCR 0,5ml",P0482,37.54,1x1000,1000,0.03754,THERMO,25
NB11,TUBE DROSO 25 X 95mm PS sur PLATEAU,P086,39.41,1x500,500,0.07882,,26
NB11,BOULE COTON pour TUBE DROSO diam 25mm,P093,66.47,1x2000,2000,0.033235,,26
NB11,BOUCHON FLUGS pour TUBE diam 25mm,P095,67.46,1x1000,1000,0.06746,,26
NA73,LEVURE de BIERE SPRINGALINE BA10 25Kg (Origine France),C070,442.98,1x25Kg,1,442.98,AMCAN,26
NA73,AGAR AGAR TECHNICAL 5Kg,C071,366.15,1x25Kg,1,366.15,VWR,26
NA73,FARINE DE MAÏS H1 20Kg,C072,75.97,1x25Kg,1,75.97,LIMAGRAIN,26
AA23,SUCRE CRISTALISE 5Kg (Pour milieux de drosophile),C077,12.25,1x5Kg,1,12.25,,26
NB24,"MEMBRANE BLOTTING PROTRAN BA85 300x3m NC 0,45µ",C0346,235.08,1,1,235.08,WHATMAN,26
AA23,LAIT ÉCRÉMÉ 300 grs (Pour saturer les membranes de transfert),D0251,4.54,1,1,4.54,RÉGILAIT,26
NB24,"FILTRE SERINGUE 0,20µm PES (x50)",P033,32.49,1x50,50,0.6498,FISHERBRAND,26
NB24,"FILTRE SERINGUE 0,45µm PES (x50)",P034,40.22,1x50,50,0.8044,DUTSCHER,26
NB24,"FILTRE SERINGUE Millex 0,22µm PES (x50)",P0331,59.73,1,1,59.73,MERCK MILLIPORE,26
NB24,"Unité de Filtration FISHER (NALGENE) 150ml MF75 PES 0,20µm (x12)",F124,56.13,1x12,12,4.6775,FISHERBRAND,26
NB24,"Unité de Filtration FISHER (NALGENE) 250ml MF75 PES 0,20µm (x12)",F125,61.72,1x12,12,5.143333,FISHERBRAND,26
NB24,"Unité de Filtration FISHER (NALGENE) 500ml MF75 PES 0,20µm (x12)",F126,76.28,1x12,12,6.356667,FISHERBRAND,26
NB24,"Unité de Filtration FISHER (NALGENE) 1000ml MF75 PES 0,20µm (x12)",F127,114.88,1x12,12,9.573333,FISHERBRAND,26
NB43,BECHER en verre borosilicaté 5 ml,V001,1.02,1,1,1.02,FISHER,27
NB43,BECHER en verre borosilicaté 10ml,V002,1.02,1,1,1.02,FISHER,27
NB43,BECHER en verre borosilicaté 25ml,V003,1.02,1,1,1.02,FISHER,27
NB43,BECHER en verre borosilicaté 50ml,V004,1.1,1,1,1.1,FISHER,27
NB43,BECHER en verre borosilicaté 100ml,V005,1.1,1,1,1.1,FISHER,27
NB43,BECHER en verre borosilicaté 150ml,V006,1.19,1,1,1.19,FISHER,27
NB43,BECHER en verre borosilicaté 250ml,V007,1.2,1,1,1.2,FISHER,27
NB43,BECHER en verre borosilicaté 600ml,V008,1.34,1,1,1.34,FISHER,27
NB43,BECHER en verre borosilicaté 800ml,V009,1.95,1,1,1.95,FISHER,27
NB43,BECHER en verre borosilicaté 1L,V010,2.9,1,1,2.9,FISHER,27
NB43,BECHER en verre borosilicaté 2L,V011,4.46,1,1,4.46,FISHER,27
NB43,BECHER en verre borosilicaté 3L,V012,6.23,1,1,6.23,FISHER,27
NB43,BECHER en verre borosilicaté 5L,V013,9.63,1,1,9.63,FISHER,27
NB43,CRISTALLISOIR en verre borosilicaté avec bec 150ml diam 80mm,V0131,6.66,1,1,6.66,FISHER,27
NB43,CRISTALLISOIR en verre borosilicaté avec bec 500ml diam 115mm,V014,11.07,1,1,11.07,FISHER,27
NB43,CRISTALLISOIR en verre borosilicaté avec bec 900ml diam 140mm,V015,11.18,1,1,11.18,FISHER,27
NB43,CRISTALLISOIR en verre borosilicaté avec bec 2L diam 190mm,V016,11.43,1,1,11.43,FISHER,27
NB43,"CRISTALLISOIR en verre borosilicaté avec bec 3,5L diam 230mm",V017,13.39,1,1,13.39,FISHER,27
NB43,ENTONNOIR en verre borosilicaté Diam 45mm,V018,3.93,1,1,3.93,FISHER,27
NB43,ENTONNOIR en verre borosilicaté Diam 55mm,V019,4.58,1,1,4.58,FISHER,27
NB43,ENTONNOIR en verre borosilicaté Diam 70mm,V020,8.38,1,1,8.38,FISHER,27
NB43,ENTONNOIR en verre borosilicaté Diam 100mm,V021,6.94,1,1,6.94,FISHER,27
NB43,ENTONNOIR en verre borosilicaté Diam 150mm,V022,17.0,1,1,17.0,FISHER,27
NB43,EPROUVETTE en verre borosilicaté 10ml,V023,5.49,1,1,5.49,FISHER,27
NB43,EPROUVETTE en verre borosilicaté 25ml,V024,4.69,1,1,4.69,FISHER,27
NB43,EPROUVETTE en verre borosilicaté 50ml,V025,5.18,1,1,5.18,FISHER,27
NB43,EPROUVETTE en verre borosilicaté 100ml,V026,5.3,1,1,5.3,FISHER,27
NB43,EPROUVETTE en verre borosilicaté 250ml,V027,8.7,1,1,8.7,FISHER,27
NB43,EPROUVETTE en verre borosilicaté 500ml,V028,21.4,1,1,21.4,FISHER,27
NB43,EPROUVETTE en verre borosilicaté 1L,V029,18.78,1,1,18.78,FISHER,27
NB43,EPROUVETTE en verre borosilicaté 2L,V030,28.89,1,1,28.89,FISHER,27
NB43,"ERLEN Col étroit, en verre borosilicaté 10ml",V031,0.86,1,1,0.86,FISHER,27
NB43,"ERLEN Col étroit, en verre borosilicaté 25ml",V032,0.86,1,1,0.86,FISHER,27
NB43,"ERLEN Col étroit, en verre borosilicaté 50ml",V033,1.49,1,1,1.49,FISHER,27
NB43,"ERLEN Col étroit, en verre borosilicaté 100ml",V034,1.1,1,1,1.1,FISHER,27
NB43,"ERLEN Col étroit, en verre borosilicaté 250ml",V035,1.18,1,1,1.18,FISHER,27
NB43,"ERLEN Col étroit, en verre borosilicaté 500ml",V036,1.49,1,1,1.49,FISHER,27
NB43,"ERLEN Col étroit, en verre borosilicaté 1L",V037,2.84,1,1,2.84,FISHER,27
NB43,"ERLEN Col étroit, en verre borosilicaté 2L",V038,4.82,1,1,4.82,FISHER,27
NB43,"ERLEN Col étroit, en verre borosilicaté 3L",V039,11.16,1,1,11.16,FISHER,27
NB43,"ERLEN Col étroit, en verre borosilicaté 5L",V040,17.09,1,1,17.09,FISHER,27
NB43,FIOLE à VIDE en verre borosilicaté 100ml,V041,9.14,1,1,9.14,,28
NB43,FIOLE à VIDE en verre borosilicaté 250ml,V042,10.08,1,1,10.08,FISHER,28
NB43,FIOLE à VIDE en verre borosilicaté 500ml,V043,13.64,1,1,13.64,FISHER,28
NB43,FIOLE à VIDE en verre borosilicaté 1L,V044,25.49,1,1,25.49,DUTSCHER,28
NB43,FIOLE à VIDE en verre borosilicaté 2L,V045,33.06,1,1,33.06,DUTSCHER,28
NB43,FIOLE à VIDE en verre borosilicaté 5L,V046,187.19,1,1,187.19,DUTSCHER,28
NB43,FLACON en verre borosilicaté 50ml,V047,5.85,1,1,5.85,FISHER,28
NB43,FLACON en verre borosilicaté 100ml,V048,1.46,1,1,1.46,FISHER,28
NB43,FLACON en verre borosilicaté 250ml,V049,1.53,1,1,1.53,FISHER,28
NB43,FLACON en verre borosilicaté 500ml,V050,2.12,1,1,2.12,FISHER,28
NB43,FLACON en verre borosilicaté 1L,V051,3.06,1,1,3.06,FISHER,28
NB43,FLACON en verre borosilicaté 2L,V051A,6.91,1,1,6.91,FISHER,28
NB43,FLACON en verre borosilicaté 5L,V052,35.12,1,1,35.12,FISHER,28
NB51,BOUCHON PP GL45 ou GL32 Couleur Bleu ou Gris,D144,15.79,1x10,10,1.579,FISHER,28
NB51,BAGUE de DEVERSEMENT PP GL45 Bleue ou transparente,D145,5.15,1x10,10,0.515,FISHER,28
NB51,BAGUE de DEVERSEMENT PP GL45 Rouge,D145A,8.89,1x10,10,0.889,FISHER,28
NB04,PIPETTE PASTEUR 230mm non cotonnée/non stérile/ouverte,V0551,9.89,1x250,250,0.03956,VWR ou FISHER,28
NB04,PIPETTE PASTEUR 230mm cotonnée/stérile/ouverte,V0531,10.87,1x250,250,0.04348,,28
NB04,PIPETTE PASTEUR 150mm non cotonnée/non stérile/ouverte,V0521,8.49,1x250,250,0.03396,VWR ou FISHER,28
NB43,BOITE à STÉRILISER (Pipette en verre) 295x65x65mm,D130,72.04,1,1,72.04,,28
BB01,ESSUIE-MAINS Feuille enchevêtrées 22x32mm 150f,E0311,1.71,1,1,1.71,ADELYA,29
BB01,BOBINE ESSUYAGE GM 450f Pour dévidoir,E066,4.21,1,1,4.21,ADELYA,29
BB01,BOBINE ESSUYAGE PM 200f,E0671,1.89,1,1,1.89,ADELYA,29
AA42,TORCHON COTON 60x80cm,E0691,1.19,1,1,1.19,ORAPI,29
BB02,EPONGES N° 4,E030,0.85,1,1,0.85,ADELYA,29
BB02,TAMPONGE (Eponge double face) N° 4,E030A,0.94,1,1,0.94,ADELYA,29
BB02,SERPILLIERES 50x100cm,E065,3.22,1,1,3.22,ADELYA,29
BB02,SERPILLIERES JETABLES Anti-Bactériennes (Lot de 20),E070,7.81,1x20,20,0.3905,ADELYA,29
BB02,"TAMPON ABRASIF VERT ""Type Scotch brite"" 22x15cm",E063,0.86,1,1,0.86,ADELYA,29
BB01,MOUCHOIRS Boite blanche,E047,0.91,1,1,0.91,ADELYA,29
BB01,PAPIER HYGIÈNIQUE (de toilettes) Pure ouate 200m,E0501,2.07,1,1,2.07,ADELYA,29
BB02,CHIFFON EPONGE BLANC (carton de 8kg),E016,32.04,1,1,32.04,ADELYA,29
BB02,BALAI-BROSSE NYLON 30cm,E005,1.96,1,1,1.96,DUTSCHER,29
BB02,BALAI SOIE GRIS à vis 38cm,E006,4.21,1,1,4.21,ADELYA,29
BB02,BALAI COCO MINOTIER (Douille métal) 100cm,E006A,8.3,1,1,8.3,ADELYA,29
BB02,"MANCHE à BALAI En bois 1,30m",E007,1.56,1,1,1.56,ADELYA,29
BB02,"MANCHE à BALAI En bois CANTONNIER 1,40m",E007C,1.1,1,1,1.1,ADELYA,29
BB02,MANCHE et BALAI pour SERPILLIERES JETABLES,E007A,16.05,1,1,16.05,ADELYA,29
BB02,EMBOUT FILETÉ pour manche à balai Diam 24mm,E0071,0.18,1,1,0.18,ADELYA,29
BB02,BROSSE à ONGLES Double brosse ou à poignet,E014,1.99,1,1,1.99,ADELYA,29
BB02,RACLETTE MOUSSE Long 60cm,E0061,2.45,1,1,2.45,ADELYA,29
BB02,PELLE + BALAYETTE,E004,5.74,1,1,5.74,ADELYA,29
BB02,BALAYETTE (Seule),E004A,1.05,1,1,1.05,ADELYA,29
BB02,GOUPILLON BROSSE SOIE (Diam 25x110mm - long 600mm) Réf 15975,D020,1.16,1,1,1.16,FISHER,29
BB02,GOUPILLON BROSSE NYLON (Diam 50x120mm - long 400mm) Réf 15990,D021,1.67,1,1,1.67,FISHER,29
BB02,GOUPILLON BROSSE SOIE Manche Jonc (Diam 55x90mm - long 450mm) Réf 15978,D022,3.2,1,1,3.2,FISHER,29
BB02,GOUPILLON BROSSE SOIE (Diam 12x80mm - long 270mm) Réf 069137,D023,2.39,1,1,2.39,DUTSCHER,29
BB02,GOUPILLON BROSSE SOIE (Diam 30x110mm - long 250mm) Réf 15974,D024,0.89,1,1,0.89,FISHER,29
BB01,SAVON MAINS Liquide 500ml,E0621,1.88,1,1,1.88,ADELYA,29
BB01,SAVON MAINS Liquide bidon de 5L,E0622,9.45,1,1,9.45,ADELYA,29
BB01,Gel HYDROALCOOLIQUE Flacon 100ml,E0623,1.57,1,1,1.57,,29
BB01,Gel HYDROALCOOLIQUE Flacon 300ml,E0624,3.07,1,1,3.07,,29
BB01,Gel HYDROALCOOLIQUE Flacon 5L,E0625,26.75,1,1,26.75,,29
BB01,"CREME MAINS ""MANUPHYL"" (Abimées, desséchées, gercées) Tube 100ml",E0626,9.33,1,1,9.33,MANUPHYL,29
NB34,Désinfectant des instruments OPASTERANIOS Bidon 5 litres,E028,35.7,1,1,35.7,ANIOS,30
NB34,Désinfectant de Surface PHAGOSPRAY DM Bidon 5 litres,E0014,29.29,1,1,29.29,PHAGOSPRAY,30
NB34,DECONTAMINANT TFD9 5L,E026,34.55,1,1,34.55,FRANKLAB,30
NB34,RNase AWAY Decontamination reagent for RNase 250ml,E0261,21.98,1,1,21.98,THERMO,30
BB02,NETTOYANT DESINFECTANT MULTI-SURFACES Vaporisateur 750ml,E0263,6.16,1,1,6.16,,30
BB02,DETARTRANT ANTI-CALCAIRE Vaporisateur 750ml,E027,5.33,1,1,5.33,,30
BB02,DETERGENT MULTI-USAGES 750ml,E0011,2.51,1,1,2.51,,30
BB02,DETERGENT MULTI-USAGES 5 Litres,E0015,13.64,1,1,13.64,,30
BB02,"EAU JAVEL 2,6% 2L",E045,1.22,1,1,1.22,,30
BB02,"EAU JAVEL ""LACROIX"" Bidon 5L",E045C,13.48,1,1,13.48,,30
BB02,JAVEL en PASTILLES (x150),E045A,3.15,1,1,3.15,,30
BB02,LIQUIDE VAISSELLE 1 litre,E054,2.32,1,1,2.32,,30
BB02,PRODUIT VITRE Vaporisateur 750ml,E0012,1.97,1,1,1.97,,30
BB02,CREME à RECURER 1 litre,E001,1.29,1,1,1.29,,30
BB02,"VINAIGRE D'ALCOOL 8% d'acidité 1,5L",E017,1.51,1,1,1.51,,30
BB02,SACS POUBELLES BLANC 5 litres (x50),E056B,0.52,1,1,0.52,,30
BB02,SACS POUBELLES NOIR 30 litres (x20),E056A,1.29,1,1,1.29,,30
BB02,SACS POUBELLES NOIR 50 litres (x25) Sacs poubelles pour pièces de culture,E056C,2.5,1,1,2.5,,30
BB02,SACS POUBELLES NOIR 130 litres (x20),E057,6.16,1,1,6.16,,30
BB02,HOUSSES CONTAINER NOIR 1100 litres (x100),E057A,43.68,1,1,43.68,,30
BB02,HOUSSES CONTAINER NOIR 240 litres (x100),E057C,29.44,1,1,29.44,,30
BB02,SAC à DECHET PAPIER 6 litres 70g (x250),E055,30.87,1x250,250,0.12348,,30
BB02,TABLETTE LAVE VAISSELLE 3 en 1 (Sachet 20 tablettes) - Ecolabel,E052,2.65,1x160,160,0.016563,,30
BB01,LESSIVE en CAPSULES (x160) Action Verte - Ecocert,E0541,34.29,1x46,46,0.745435,,30
BB01,ASSOUPLISSANT 5L,E0542,15.58,1x5L,1,15.58,,30
AB01,"FICELLE ""SISAL"" Moyenne 250g",E032,3.89,1,1,3.89,LYRECO,30
AA41,ALLUMETTE,E003,0.81,1,1,0.81,DUTSCHER,30
BB02,PIEGES à CAFARDS (Bte de 5 pièges),E051,8.81,1,1,8.81,,30
BB02,BARRAGE INSECTES VOLANT/RAMPANT Flacon 520ml,E0283,12.34,1,1,12.34,ADELYA,30
AB01,BLOC DIRECTION Quadrillée 148x120mm A5,B028A,1.24,1,1,1.24,,31
AB01,BLOC DIRECTION Quadrillée 210x297mm A4,B029A,3.01,1,1,3.01,,31
AB01,BLOC POST -IT 76x76,B042,0.3,1,1,0.3,,31
AB01,BLOC TELEPHONE Message,B044A,2.99,1,1,2.99,,31
AB01,"REPERTOIRE Alphabétique 96 pages, 9x14cm",B190,3.5,1,1,3.5,,31
AB01,"CARNET Quadrillé 7,4x10,5cm 80 feuilles détachables",B030,0.71,1,1,0.71,,31
AB01,CARNET Quadrillé à spirale 9x14cm 100 pages,B031,0.68,1,1,0.68,,31
AB01,FEUILLES BLANCHES A4 PERFORÉES,B078,2.3,1x100,100,0.023,,31
AB01,BLOC ROULEAU PAPIER BLANC (x50 feuilles) Pour tableau chevaleret,B045,3.79,1x50,50,0.0758,,31
AC01,PAPIER PHOTOCOPIE COULEURS A4 80g (Couleur à choisir),B153,2.14,1x500,500,0.00428,,31
AC01,PAPIER PHOTOCOPIE BLANC A3,B1531,15.66,1x500,500,0.03132,,31
AC01,PAPIER PHOTOCOPIE BLANC A4 80g,B1532,3.63,1x500,500,0.00726,,31
AB01,CAHIER SPIRALE 180 pages A5,B057A,2.55,1,1,2.55,,31
AB01,CAHIER SPIRALE 180 pages A4,B059,2.31,1,1,2.31,,31
AB01,ENVELOPPE BLANCHE 110x220mm,B097,0.49,1x25,25,0.0196,,31
AB01,ENVELOPPE BLANCHE 110x220mm à fenêtre,B099,0.32,1x25,25,0.0128,,31
AB01,ENVELOPPE BLANCHE 1/2 Format à fenêtre 162x229mm,B0995,0.42,1x25,25,0.0168,,31
AB01,ENVELOPPE BLANCHE 1/2 Format 162x229mm,B0996,0.42,1x25,25,0.0168,,31
AB01,ENVELOPPE BLANCHE Grand format 229x324mm,B0998,0.93,1x25,25,0.0372,,31
AB01,ENVELOPPE KRAFT Armée à souflet 260x330mm,B0999,0.56,1,1,0.56,,31
AB01,ENVELOPPE à BULLE d'AIR 150x210mm,B0991,0.13,1,1,0.13,,31
AB01,ENVELOPPE à BULLE d'AIR 240x330 mm,B0992,0.15,1,1,0.15,,31
AB01,ENVELOPPE à BULLE d'AIR 270x360 mm,B0993,0.29,1,1,0.29,,31
AC01,"PAPIER à En-TÊTE ""IJM"" Bas de page IJM/CNRS/Université de Paris *Idem",B2021,15.9,1x500,500,0.0318,,31
AB01,CARTE CORRESPONDANCE IJM *Idem,B060,4.28,1x100,100,0.0428,,31
FA01,PAPIER d'EMBALLAGE KRAFT Feuille 65x100cm,B034,0.2,1,1,0.2,,31
AB01,"ETIQUETTE LASER AVERY BLANCHE 38,1x21,1mm",B102,0.52,1x65,65,0.008,,31
AB01,"ETIQUETTE LASER AVERY BLANCHE 46x11,1mm",B103,1.01,1x84,84,0.012024,,31
AB01,"ETIQUETTE LASER AVERY BLANCHE 63,5x33,9mm",B105,0.71,1x24,24,0.029583,,31
AB01,"ETIQUETTE LASER LYRECO PREMIUM BLANCHE 99,1x67,7mm (2000 Etiquettes)",B106,28.64,1x2000,2000,0.01432,,31
AB01,ETIQUETTES ADHESIVES Diam 8mm (couleurs assorties),B1121,0.46,1X288,288,0.001597,,31
AB01,"FICHE BRISTOL Blanche, quadrilliée 75x125mm",B123,0.39,1x100,100,0.0039,,31
AB01,"FICHE BRISTOL Blanche, unie 105x148mm",B124,0.51,1x100,100,0.0051,,31
AB01,"FICHE BRISTOL Blanche, quadrilliée105x148mm",B125,0.6,1x100,100,0.006,,31
AB01,"FICHE BRISTOL Blanche, unie 125x200mm",B126,0.89,1x100,100,0.0089,,31
AB01,"FICHE BRISTOL Blanche, quadrilliée125X200mm",B127,0.89,1x100,100,0.0089,,31
AB01,"FICHE BRISTOL Blanche, quadrilliée 210x297mm",B128,2.74,1x100,100,0.0274,,31
AB01,"FICHE BRISTOL Blanche, unie 210x297mm",B129,4.38,1x100,100,0.0438,,31
AB01,BOITES ARCHIVES Dos 10cm,B047,0.56,1,1,0.56,,32
AB01,"CHEMISE à POCHE ""Pochette carte lustrée""",B062,0.6,1,1,0.6,,32
AB01,SOUS-CHEMISES fines 80g (Par 10),B063,0.4,1,1,0.4,,32
AB01,CHEMISE RIGIDES 220g (Par 5),B064,0.4,1,1,0.4,,32
AB01,CHEMISE COIN Plastique incolore A4 (Par 10),B065,0.51,1x10,10,0.051,,32
AB01,CHEMISE à RABAT ELASTIQUE A4,B066,1.47,1,1,1.47,,32
AB01,CHEMISE à RABAT ELASTIQUE A3,B066A,2.25,1,1,2.25,,32
AB01,CLASSEUR à LEVIER 8 cm - 2 anneaux,B073,1.82,1,1,1.82,,32
AB01,CLASSEUR A4 - 4 anneaux,B074,1.58,1,1,1.58,,32
AB01,POCHETTES PERFORÉES CRISTAL POUR CLASSEUR A4 (Bte de 100),B122,4.49,1x100,100,0.0449,,32
AB01,INTERCALAIRE en PP 6 Onglets A4+,B131A,1.09,1,1,1.09,,32
AB01,INTERCALAIRE en PP 12 Onglets A4+,B132A,0.55,1,1,0.55,,32
AB01,REPERTOIRE ALPHABÉTIQUE pour CLASSEUR A4,B192,3.27,1,1,3.27,,32
AB01,RELIURE à Pochettes transparentes fixes (20 Pochettes/40 vues),B186A,4.55,1,1,4.55,,32
AB01,RELIURE à Pochettes transparentes fixes (50 Pochettes/100 vues),B188,1.11,1,1,1.11,,32
AB01,COUVERTURE de THÈSE PVC 150µ,B082,0.04,1,1,0.04,,32
AC02,COUVERTURE de THESE Photocopiable (couleurs à choisir),B084,0.02,1,1,0.02,,32
AB01,"BAGUETTE à RELIER/SPIRALE 4,5mm (2 à 10 feuilles)",B017A,0.02,1,1,0.02,,32
AB01,BAGUETTE à RELIER/SPIRALE 6mm (11 à 20 feuilles),B019A,0.02,1,1,0.02,,32
AB01,BAGUETTE à RELIER/SPIRALE 8mm (20 à 40 feuilles),B023A,0.02,1,1,0.02,,32
AB01,BAGUETTE à RELIER/SPIRALE 10mm (40 à 65 feuilles),B024A,0.03,1,1,0.03,,32
AB01,BAGUETTE à RELIER/SPIRALE 12mm (65 à 90 feuilles),B025A,0.03,1,1,0.03,,32
AB01,BAGUETTE à RELIER/SPIRALE 14mm (95 à 125 feuilles),B022A,0.04,1,1,0.04,,32
AB01,BAGUETTE à RELIER/SPIRALE 16mm (90 à 120 feuilles),B026,0.04,1,1,0.04,,32
AB01,SURLIGNEUR FLUO JAUNE,B133,1.04,1,1,1.04,,32
AB01,SURLIGNEUR FLUO VERT,B135,1.04,1,1,1.04,,32
AB01,SURLIGNEUR FLUO BLEU,B1351,1.04,1,1,1.04,,32
AB01,SURLIGNEUR FLUO ROUGE,B1352,1.04,1,1,1.04,,32
AB01,SURLIGNEUR FLUO ORANGE,B1352A,1.04,1,1,1.04,,32
AB01,MARQUEUR PERMANENT (GROS) BLEU,B136,1.04,1,1,1.04,,32
AB01,MARQUEUR PERMANENT (GROS) NOIR,B137,1.04,1,1,1.04,,32
AB01,MARQUEUR PERMANENT (GROS) ROUGE,B138,1.04,1,1,1.04,,32
AB01,MARQUEUR PERMANENT (GROS) VERT,B139,1.04,1,1,1.04,,32
AB01,MARQUEUR HISTOLOGIE (Cryomarkers) Superfrost NOIR ou ROUGE,B1411,4.25,1,1,4.25,,32
AB01,MARQUEUR FIN BLEU,B140,1.08,1,1,1.08,,32
AB01,MARQUEUR FIN NOIR,B141,1.08,1,1,1.08,,32
AB01,MARQUEUR FIN ROUGE,B142,1.08,1,1,1.08,,32
AB01,MARQUEUR FIN VERT,B143,1.08,1,1,1.08,,32
AB01,MARQUEUR BLEU pour TABLEAU BLANC,B144,0.77,1,1,0.77,,32
AB01,MARQUEUR NOIR TABLEAU BLANC,B145,0.77,1,1,0.77,,32
AB01,MARQUEUR ROUGE TABLEAU BLANC,B146,0.77,1,1,0.77,,32
AB01,MARQUEUR VERT TABLEAU BLANC,B147,0.77,1,1,0.77,,32
AB01,STYLO BILLE RETRACTABLE BLEU,B167,0.26,1,1,0.26,,33
AB01,STYLO BILLE RETRACTABLE NOIR,B168,0.26,1,1,0.26,,33
AB01,"STYLO ""BIC"" CRISTAL ROUGE",B169,0.29,1,1,0.29,,33
AB01,"STYLO ""BIC"" CRISTAL VERT",B170,1.25,1,1,1.25,,33
AB01,"STYLO POINTE FEUTRE ""PILOT VBALL"" BLEU",B171,1.25,1,1,1.25,,33
AB01,"STYLO POINTE FEUTRE ""PILOT VBALL"" NOIR",B172,1.25,1,1,1.25,,33
AB01,"STYLO POINTE FEUTRE ""PILOT VBALL"" ROUGE",B173,1.25,1,1,1.25,,33
AB01,"STYLO POINTE FEUTRE ""PILOT VBALL"" VERT",B177,1.35,1,1,1.35,,33
AB01,"PORTE-MINES 0,5mm",B179A,1.1,1,1,1.1,,33
AB01,"ETUI de 12 MINES HB 0,5 mm",B180,0.41,1,1,0.41,,33
AB01,CRAYON GRAPHITE HB,B086,0.3,1,1,0.3,,33
AB01,GOMME,B130,0.67,1,1,0.67,,33
AB01,"ROLLER de CORRECTION JETABLE 4,2mm",B094,1.34,1,1,1.34,,33
AB01,CORRECTEUR PINCEAU TIPP-EX flacon 22ml,B0941,1.42,1,1,1.42,,33
AB01,"STYLO CORRECTEUR TIPP-EX Pointe 2,3mm, 8ml",B095,2.19,1,1,2.19,,33
AB01,DÉVIDOIR pour ADHÉSIF de BUREAU Grand modèle,B091,3.43,1,1,3.43,,33
AB01,DÉVIDOIR pour ADHÉSIF de BUREAU Lyreco,B092,0.39,1,1,0.39,,33
AB01,COLLE en TUBE,B076,1.97,1,1,1.97,,33
AB01,COLLE GLUE 3 Multi-usage 3g,B0761,2.16,1,1,2.16,,33
AB01,COLLE en STICK 8g,B077,0.58,1,1,0.58,,33
AB01,RUBAN ADHESIF INVISIBLE 19mmx33m Type Scotch Magic 3M,B003,1.69,1,1,1.69,,33
AB01,RUBAN SCOTCH CRISTAL 19mmx33m,B0921,0.87,1,1,0.87,,33
AB01,RUBAN ADHESIF CRÈPE 19mmx25m Type tesa,B005,0.74,1,1,0.74,,33
AB01,RUBAN ADHESIF CRÈPE 30mmx50m Type tesa,B006,4.01,1,1,4.01,,33
AB01,"RUBAN ADHESIF DOUBLE FACE 12mmx6,3m sur dévidoir Type Tesa",B007,3.07,1,1,3.07,,33
FA01,RUBAN ADHESIF (Marron) 50mmx66m Type havane,B008,2.85,1,1,2.85,,33
AB01,"RUBAN FIXATION 3M Double-face 1,5mx19mm",B009,3.08,1,1,3.08,,33
AB01,LINGETTES PRÉ-IMPRÉGNÉES Bte de 100,B0081,0.89,1,1,0.89,LYRECO,33
AB01,NETTOYANT INFORMATIQUE (Mousse) Aérosol de 650ml,B0082,4.22,1,1,4.22,,33
AB01,GAZ DÉPOUSSIÈRANT INFORMATIQUE Aérosol 650ml,B0083,6.89,1,1,6.89,,33
IA24,CABLE de SÉCURITÉ à clé (Antivol) KENSINGTON (Vérifier compatibilité),B21308,41.73,1,1,41.73,OFFICEXPRESS,33
AB01,BADGE PORTE CARTE D'ACCES avec pince,A050,1.06,1,1,1.06,,34
AB01,CISEAUX de BUREAU 17cm,B067A,0.67,1,1,0.67,,34
AB01,CUTTER Grand modèle,B087,4.11,1,1,4.11,,34
AB01,CUTTER Petit modèle,B088,1.96,1,1,1.96,,34
AB01,LAMES de CUTTER Grand modèle (Bte de 10),B089,1.04,1,1,1.04,,34
AB01,LAMES de CUTTER Petit modèle (Bte de 10),B090,0.54,1,1,0.54,,34
AB01,CORBEILLE à PAPIER Petit modèle,B080,2.56,1,1,2.56,,34
AB01,BRACELET ELASTIQUE FIN Diam 120,B051,0.74,1,1,0.74,,34
AB01,BRACELET ELASTIQUE LARGE Diam 120,B054,1.07,1,1,1.07,,34
AB01,PERFORATEUR 2 Trous,B151,0.98,1,1,0.98,,34
BD21,RALLONGE ELECTRIQUE 10m,B152,18.51,1,1,18.51,,34
BD21,BOITIER MULTIPRISES 3 Prises 4m,B154,7.17,1,1,7.17,,34
TB12,PILES LR61 9 volts,B157A,3.1,1,1,3.1,,34
TB12,PILES 9V/HR22 RECHARGEABLE EXTREME 175 mAh,B157R,14.63,1,1,14.63,,34
TB12,"PILES LR3/AAA 1,5 volt",B158,4.31,1x4,4,1.0775,,34
TB12,PILES HR3/AAA RECHARGEABLES EXTREME 800 mAh,B158R,7.55,1x4,4,1.8875,,34
TB12,"PILES LR6/AA 1,5 volt",B159A,4.31,1x4,4,1.0775,,34
TB12,PILES HR6/AA RECHARGEABLES EXTREME 2300 mAh,B159R,7.55,1x4,4,1.8875,,34
TB12,"PILES LR14/C 1,5 volt",B161,1.5,1x2,2,0.75,EVEREADY GOLD,34
TB12,"PILES LR20/D 1,5 volt",B162,2.17,1x2,2,1.085,EVEREADY GOLD,34
TB12,"PILES LR44/A76 1,5volts (Pour Minuteur/Décompteur)",B163A,1.46,1x2,2,0.73,,34
TB12,PILES LITHIUM CR2032,B164,0.47,1,1,0.47,,34
AB01,PINCE à DESSIN 41mm,B165,0.09,1,1,0.09,,34
AB01,PINCE à DESSIN 51mm,B166,0.3,1,1,0.3,,34
AB01,PORTE-CLEF ETIQUETTE,B178,0.05,1,1,0.05,,34
AB01,PUNAISES (Bte de 100),B1811,0.45,1,1,0.45,,34
AB01,PUNAISES MAGNETIQUES ø22mm (x10),B181,0.79,1x10,10,0.079,,34
AB01,RÈGLE PLATE 30cm,B182A,0.27,1,1,0.27,,34
AB01,RÈGLE PLATE 40cm,B184,0.33,1,1,0.33,,34
AB01,COUPE PAPIER,B200,0.47,1,1,0.47,,34
AB01,TAILLE CRAYON METAL,B201,0.37,1,1,0.37,,34
AB01,TAILLE CRAYON Avec réservoir,B202,0.6,1,1,0.6,,34
AB01,AGRAFES N° 26/6 (Bte de 1000),B012,0.1,1,1,0.1,,34
AB01,AGRAFES N°10 (Bte de 1000),B013,0.15,1,1,0.15,,34
AB01,PINCE AGRAFEUSE (pour agrafes N°10),B014,5.33,1,1,5.33,,34
AB01,ARRACHE-AGRAFES (Dégrafeur),B015,0.21,1,1,0.21,,34
AB01,ATTACHE-LETTRE (Trombone) 32mm (Bte de100),B016,0.28,1,1,0.28,,34
AB01,ATTACHE-LETTRE GÉANTES 50x60mm (Bte de 50),B016A,1.26,1,1,1.26,,34
