marque;produit;reference;type_composant;materiau;masse_g;diviseur
;CHEMISE RIGIDES 220g (Par 5);B064;product;(aucun);220.0;1
;COLLE GLUE 3 Multi-usage 3g;B0761;product;(aucun);3.0;1
;COLLE en STICK 8g;B077;product;(aucun);8.0;1
;COTON CARDÉ ÉCRU 500g;E0171;product;(aucun);500.0;1
;PAPIER FILTRE blanc 42x52cm, Rame de 7 Kg;D028;product;(aucun);7000.0;1
;PAPIER PHOTOCOPIE BLANC A4 80g;B1532;product;(aucun);80.0;1
;PAPIER PHOTOCOPIE COULEURS A4 80g (Couleur à choisir);B153;product;(aucun);80.0;1
;Paire de gant latex powder free M (7-8);;product;Nitrile;13.7;1
;SAC à DECHET PAPIER 6 litres 70g (x250);E055;product;(aucun);70.0;1
;SOUS-CHEMISES fines 80g (Par 10);B063;product;(aucun);80.0;1
;SUCRE CRISTALISE 5Kg (Pour milieux de drosophile);C077;product;(aucun);5000.0;1
ADELYA;CHIFFON EPONGE BLANC (carton de 8kg);E016;product;(aucun);8000.0;1
AMCAN;LEVURE de BIERE SPRINGALINE BA10 25Kg (Origine France);C070;product;(aucun);25000.0;1
BD;AIGUILLE STÉRILE 18G 1,2x40mm Rose (x100);D0498;product;(aucun);18.0;1
BD;AIGUILLE STÉRILE 20G 0,9x25mm Jaune (x100);D0495A;product;(aucun);20.0;1
BD;AIGUILLE STÉRILE 21G 0,8x25mm Vert (x100);D0497;product;(aucun);21.0;1
BD;AIGUILLE STÉRILE 23G 0,6x25mm Bleu (x100);D0496;product;(aucun);23.0;1
BD;AIGUILLE STÉRILE 24G 0,55x25mm Bleu (x100) STERICAN;D0496A;product;(aucun);24.0;1
BD;AIGUILLE STÉRILE 26G 0,45x12mm Marron (x100);D0495;product;(aucun);26.0;1
BD;AIGUILLE STÉRILE 27G ext 0,41x13 (1/2) mm Gris (x100);D0495B;product;(aucun);27.0;1
BD;AIGUILLE STÉRILE 30G 0,3x13mm Beige (x100);D0499;product;(aucun);30.0;1
BIOLOGIX;Tube centrifugeuse 50 mL;10*9502;product;Polypropylène (PP);14.35;1
Corning®;Polypropylene Centrifuge tube, Sterile 50 ml - CentriStar Cap - 25 bulk;430829;primary_packaging;(aucun);15.282;25
Corning®;Polypropylene Centrifuge tube, Sterile 50 ml - CentriStar Cap - 25 bulk;430829;product;Polyéthylène téréphtalate (PET);12.2;1
Corning®;Polypropylene Centrifuge tube, Sterile 50 ml - CentriStar Cap - 25 bulk;430829;secondary_packaging;(aucun);0.0;1
CytoOne;T-225 Tissue Culture Flask, green plug seal cap;CC7682-4225;product;Polystyrène (PS);149.5;1
CytoOne;T-25 Tissue Culture Flask, green plug seal cap;CC7682-4825;product;Polystyrène (PS);20.9;1
CytoOne;T-75 Tissue Culture Flask, green plug seal cap;CC7682-4175;product;Polystyrène (PS);60.62;1
EUROMEDEX;AGAROSE Standard 100g;C0023;product;(aucun);100.0;1
EUROMEDEX;Ampicillin Sodium salt 10g;RCC504;product;(aucun);10.0;1
EUROMEDEX;Ampicillin Sodium salt 1g;RCC502;product;(aucun);1.0;1
EUROMEDEX;DTT (Purity: 99%) 25g;C034;product;(aucun);25.0;1
EUROMEDEX;GALACTOSE Low Glucose and Lactose 1Kg;C0141;product;(aucun);1000.0;1
EUROMEDEX;GLUCOSE 1Kg;C030A;product;(aucun);1000.0;1
EUROMEDEX;GLYCINE PA 1Kg;C0312;product;(aucun);1000.0;1
EUROMEDEX;IPTG Dioxane free 5g;C0321;product;(aucun);5.0;1
EUROMEDEX;KANAMYCIN MonoSULFATE 25g;C015;product;(aucun);25.0;1
EUROMEDEX;MAGNÉSIUM CHLORIDE HEXAHYDRATE 250g;C0741;product;(aucun);250.0;1
EUROMEDEX;MAGNÉSIUM SULFATE HEPTAHYDRATE 1Kg;C078;product;(aucun);1000.0;1
EUROMEDEX;POTASSIUM ACÉTATE NP 1Kg;C044;product;(aucun);1000.0;1
EUROMEDEX;SODIUM CHLORURE PA 1Kg;C057A;product;(aucun);1000.0;1
EUROMEDEX;SUCROSE D (+) SACCHAROSE 1Kg;C0541;product;(aucun);1000.0;1
EUROMEDEX;TRIS BASE Ultra pur 1Kg;C0641;product;(aucun);1000.0;1
EUROMEDEX;X-GAL 1g;C066A;product;(aucun);1.0;1
FISHERBRAND;MICROTUBE "FISHERBRAND" 0,5ml Safety-Lock, Rnase/Dnase Free, 30 000g;P046CL;product;(aucun);0.0;1
FISHERBRAND;MICROTUBE "FISHERBRAND" 1,5ml Safety-Lock, Rnase/Dnase Free, 30 000g;P047CL;product;(aucun);0.0;1
FISHERBRAND;MICROTUBE "FISHERBRAND" 2ml Safety-Lock, Rnase/Dnase Free, 30 000g;P048CL;product;(aucun);0.0;1
Falcon;Boite de Pétri 35 x 10 mm;351008;product;Polypropylène (PP);4.6;1
Falcon;Tube centrifugeuse 15 mL;352096;product;Polypropylène (PP);6.7;1
Falcon®;Falcon® Tube with conical bottom 15 ml (bulk);352096;primary_packaging;(aucun);10.584;50
Falcon®;Falcon® Tube with conical bottom 15 ml (bulk);352096;product;Polypropylène (PP);6.749;1
Falcon®;Falcon® Tube with conical bottom 15 ml (bulk);352096;secondary_packaging;(aucun);0.0;1
Falcon®;Falcon® Tube with conical bottom 50 ml (bulk);352070;primary_packaging;(aucun);5.189;14
Falcon®;Falcon® Tube with conical bottom 50 ml (bulk);352070;product;Polystyrène (PS);8.15;1
Falcon®;Falcon® Tube with conical bottom 50 ml (bulk);352070;secondary_packaging;(aucun);0.0;1
Falcon®;Pipette for cell culture 2 ml Falcon®;357507;primary_packaging;Carton;60.678;100
Falcon®;Pipette for cell culture 2 ml Falcon®;357507;product;Polystyrène (PS);5.275;1
Falcon®;Pipette for cell culture 2 ml Falcon®;357507;secondary_packaging;(aucun);0.482;1
Falcon®;Pipette for cell culture 25 ml + 11 ml Falcon®;357535;primary_packaging;(aucun);14.991;1
Falcon®;Pipette for cell culture 25 ml + 11 ml Falcon®;357535;product;Polystyrène (PS);14.661;1
Falcon®;Pipette for cell culture 25 ml + 11 ml Falcon®;357535;secondary_packaging;(aucun);1.91;1
Hamilton;1.5 mL FlipTube Standard;235454;product;(aucun);12.0;1
Kimberly-Clark;Paire de gants (taille L) ambidextres Kimtech Purple Nitrile;90628;primary_packaging;(aucun);15.682;25
Kimberly-Clark;Paire de gants (taille L) ambidextres Kimtech Purple Nitrile;90628;product;Polypropylène (PP);12.888;1
Kimberly-Clark;Paire de gants (taille L) ambidextres Kimtech Purple Nitrile;90628;secondary_packaging;(aucun);0.0;1
Kimberly-Clark;Paire de gants (taille M) ambidextres Kimtech Purple Nitrile;90627;product;Nitrile;16.85;1
LIMAGRAIN;FARINE DE MAÏS H1 20Kg;C072;product;(aucun);25000.0;1
LYRECO;FICELLE "SISAL" Moyenne 250g;E032;product;(aucun);250.0;1
MERCK;MAGNÉSIUM CHLORURE HEXAHYDRATE PA 250g;C074;product;(aucun);250.0;1
MERCK;METHYL 4-HYDROXYBENZOATE - SEL DE SODIUM 5Kg;C068A;product;(aucun);5000.0;1
PROLABO;ACIDE BORIQUE Christallisé NP 1Kg;C008;product;(aucun);1000.0;1
PROLABO;ACIDE CITRIQUE NP 1Kg;C006;product;(aucun);1000.0;1
PROLABO;ACIDE TRICHLOROACÉTIQUE NP 1Kg;C010;product;(aucun);1000.0;1
PROLABO;AMMONIUM ACÉTATE NP 1Kg;C013;product;(aucun);1000.0;1
PROLABO;AMMONIUM CHLORURE NP 1Kg;C0131;product;(aucun);1000.0;1
PROLABO;AMMONIUM SULFATE NP 1Kg;C014;product;(aucun);1000.0;1
PROLABO;CALCIUM CHLORURE NP 1Kg;C022;product;(aucun);1000.0;1
PROLABO;DI-POTASSIUM HYDROGENOPHOSPHATE Rectapur 1Kg;C051;product;(aucun);1000.0;1
PROLABO;GLUCOSE D(+) Anhydre GPR Rectapur 1Kg;C030;product;(aucun);1000.0;1
PROLABO;METHYL 4-HYDROXYBENZOATE 99% 1Kg;C068;product;(aucun);1000.0;1
PROLABO;PARAFORMALDEHYDE en poudre 1Kg;C073;product;(aucun);1000.0;1
PROLABO;POTASSIUM CHLORURE PA 1Kg;C045;product;(aucun);1000.0;1
PROLABO;POTASSIUM DIHYDROGENOPHOSPHATE NP1Kg;C046;product;(aucun);1000.0;1
PROLABO;POTASSIUM HYDROXYDE en pastilles 1Kg;C048;product;(aucun);1000.0;1
PROLABO;SACCHAROSE NP 1Kg;C054;product;(aucun);1000.0;1
PROLABO;SODIUM ACÉTATE PA 1Kg;C055;product;(aucun);1000.0;1
PROLABO;SODIUM CHLORURE PA 1Kg;C057;product;(aucun);1000.0;1
PROLABO;SODIUM DIHYDROGÉNOPHOSPHATE 1Kg;C062;product;(aucun);1000.0;1
PROLABO;SODIUM HYDROGÉNOCARBONATE NP 1Kg;C056;product;(aucun);1000.0;1
PROLABO;SODIUM HYDROXYDE PASTILLES PA 1Kg;C059;product;(aucun);1000.0;1
PROLABO;TRI-SODIUM CITRATE NP1Kg;C058;product;(aucun);1000.0;1
PROLABO;URÉE NP 1Kg;C065;product;(aucun);1000.0;1
PROMEGA;PROTEINASE K 100mg;EM0082C;product;(aucun);0.1;1
ROCHE;DNase I 100mg (2 X 10 000u);EM0012;product;(aucun);0.1;1
ROCHE;PROTEINASE K, Recombinant, PCR Grade Lyophilizate 100mg;EM0082;product;(aucun);0.1;1
ROCHE;RNase A 100mg;EM0092;product;(aucun);0.1;1
RÉGILAIT;LAIT ÉCRÉMÉ 300 grs (Pour saturer les membranes de transfert);D0251;product;(aucun);300.0;1
Starlab;1 000 µl Pointe graduée TipOne®, Bleu;S1111-6811-C;product;Polypropylène (PP);0.547;1
Starlab;1 000 µl Pointe non graduée TipOne® Filtre, Naturel (stérile);S1126-7710-C;product;Polypropylène (PP);0.83;1
Starlab;200 µl Pointe TipOne®, Naturel;S1111-0810-C;product;Polypropylène (PP);0.28;1
Starlab;Serological pipette 5 mL individually wrapped;E4860-0005;product;Verre;7.9;1
TPP;TPP Tissue Culture Dish 100;93100;primary_packaging;(aucun);8.856;10
TPP;TPP Tissue Culture Dish 100;93100;product;Polystyrène (PS);24.2251;1
TPP;TPP Tissue Culture Dish 100;93100;secondary_packaging;(aucun);0.0;1
TPP;TPP Tissue Culture Dish 60;93060;primary_packaging;Carton;88.61;100
TPP;TPP Tissue Culture Dish 60;93060;product;Polypropylène (PP);2.151;1
TPP;TPP Tissue Culture Dish 60;93060;secondary_packaging;(aucun);0.575;1
Terumo;Seringue 5 mL;1SS05LE1;product;Polypropylène (PP);1.9;1
ThermoScentific;Dropper Bottle, LDPE with white closure 15ml;2750-9050;primary_packaging;Carton;2.788;25
ThermoScentific;Dropper Bottle, LDPE with white closure 15ml;2750-9050;product;(aucun);3.74;1
ThermoScentific;Dropper Bottle, LDPE with white closure 15ml;2750-9050;product;Polyéthylène (PE);1.52;1
ThermoScentific;Dropper Bottle, LDPE with white closure 15ml;2750-9050;product;(aucun);0.423;1
ThermoScentific;Dropper Bottle, LDPE with white closure 15ml;2750-9050;secondary_packaging;Polyéthylène (PE);0.992;1
VWR;AGAR AGAR TECHNICAL 5Kg;C071;product;(aucun);25000.0;1
VWR;DI-SODIUM HYDROGENOPHOSPHATE PA 1Kg;C061;product;(aucun);1000.0;1
